manager,club,club_id,first_game,last_game,domestic_competition_id
Diego Simeone,Atlético de Madrid,13,2012-08-19,2023-11-07,ES1
Jürgen Klopp,Borussia Dortmund,16,2012-08-12,2015-05-30,L1
Thomas Tuchel,Borussia Dortmund,16,2015-07-30,2017-05-27,L1
Peter Bosz,Borussia Dortmund,16,2017-08-05,2017-12-09,L1
Lucien Favre,Borussia Dortmund,16,2018-08-20,2020-12-12,L1
Marco Rose,Borussia Dortmund,16,2021-08-07,2022-05-14,L1
Peter Stöger,Borussia Dortmund,16,2017-12-12,2018-05-12,L1
Jürgen Klopp,Liverpool FC,31,2015-10-17,2023-11-09,GB1
Brendan Rodgers,Liverpool FC,31,2012-08-02,2015-10-04,GB1
Pep Guardiola,Bayern Munich,27,2013-07-27,2016-05-21,L1
Carlo Ancelotti,Bayern Munich,27,2016-08-14,2017-09-27,L1
Thomas Tuchel,Bayern Munich,27,2023-04-01,2023-11-08,L1
Julian Nagelsmann,Bayern Munich,27,2021-08-13,2023-03-19,L1
Niko Kovac,Bayern Munich,27,2018-08-12,2019-11-02,L1
Pep Guardiola,Manchester City,281,2016-08-13,2023-11-07,GB1
Manuel Pellegrini,Manchester City,281,2013-08-19,2016-05-15,GB1
Roberto Mancini,Manchester City,281,2012-08-12,2013-05-11,GB1
Unai Emery,Paris Saint-Germain,583,2016-08-06,2018-05-19,FR1
Carlo Ancelotti,Paris Saint-Germain,583,2012-08-11,2013-05-26,FR1
Christophe Galtier,Paris Saint-Germain,583,2022-07-31,2023-06-03,FR1
Mauricio Pochettino,Paris Saint-Germain,583,2021-01-06,2022-05-21,FR1
Thomas Tuchel,Paris Saint-Germain,583,2018-08-04,2020-12-23,FR1
Luis Enrique,Paris Saint-Germain,583,2023-08-12,2023-11-07,FR1
Laurent Blanc,Paris Saint-Germain,583,2013-08-03,2016-05-14,FR1
Unai Emery,Sevilla FC,368,2013-01-09,2016-05-22,ES1
Vincenzo Montella,Sevilla FC,368,2018-01-03,2018-04-27,ES1
José Luis Mendilibar,Sevilla FC,368,2023-04-01,2023-10-07,ES1
Julen Lopetegui,Sevilla FC,368,2019-08-18,2022-10-05,ES1
Michel,Sevilla FC,368,2012-08-18,2013-01-12,ES1
Eduardo Berizzo,Sevilla FC,368,2017-08-16,2017-12-20,ES1
Jorge Sampaoli,Sevilla FC,368,2016-08-09,2023-03-19,ES1
Pablo Machín,Sevilla FC,368,2018-07-26,2019-03-14,ES1
Joaquín Caparrós,Sevilla FC,368,2018-05-04,2019-05-18,ES1
Unai Emery,Arsenal FC,11,2018-08-12,2019-11-28,GB1
Arsène Wenger,Arsenal FC,11,2012-08-18,2018-05-13,GB1
Mikel Arteta,Arsenal FC,11,2019-12-26,2023-11-08,GB1
Unai Emery,Villarreal CF,1050,2020-09-13,2022-10-23,ES1
Marcelino,Villarreal CF,1050,2013-08-19,2016-05-15,ES1
Fran Escribá,Villarreal CF,1050,2016-08-17,2017-09-24,ES1
Quique Setién,Villarreal CF,1050,2022-10-30,2023-09-01,ES1
Javier Calleja,Villarreal CF,1050,2017-09-28,2020-07-19,ES1
Luis García,Villarreal CF,1050,2018-12-13,2019-01-26,ES1
Unai Emery,Aston Villa,405,2022-11-06,2023-11-05,GB1
Steven Gerrard,Aston Villa,405,2021-11-20,2022-10-20,GB1
Steve Bruce,Aston Villa,405,2017-01-08,2018-01-06,GB1
Dean Smith,Aston Villa,405,2019-01-05,2021-11-05,GB1
Paul Lambert,Aston Villa,405,2012-08-18,2015-02-10,GB1
Rémi Garde,Aston Villa,405,2015-11-08,2016-03-19,GB1
Unai Emery,Spartak Moscow,232,2012-07-21,2012-11-25,RU1
Rui Vitória,Spartak Moscow,232,2021-07-24,2021-12-13,RU1
Valeriy Karpin,Spartak Moscow,232,2012-11-30,2014-03-17,RU1
Oleg Kononov,Spartak Moscow,232,2018-11-25,2019-09-29,RU1
Domenico Tedesco,Spartak Moscow,232,2019-10-19,2021-05-16,RU1
Massimo Carrera,Spartak Moscow,232,2016-08-08,2018-10-21,RU1
Dmitriy Alenichev,Spartak Moscow,232,2015-07-17,2016-08-04,RU1
José Mourinho,Chelsea FC,631,2013-08-18,2015-12-14,GB1
Mauricio Pochettino,Chelsea FC,631,2023-08-13,2023-11-06,GB1
Thomas Tuchel,Chelsea FC,631,2021-01-27,2022-09-06,GB1
Maurizio Sarri,Chelsea FC,631,2018-08-05,2019-05-29,GB1
Antonio Conte,Chelsea FC,631,2016-08-15,2018-05-19,GB1
Rafael Benítez,Chelsea FC,631,2012-11-25,2013-05-19,GB1
Graham Potter,Chelsea FC,631,2022-09-14,2023-04-01,GB1
Frank Lampard,Chelsea FC,631,2019-08-11,2023-05-28,GB1
José Mourinho,Manchester United,985,2016-08-07,2018-12-16,GB1
Erik ten Hag,Manchester United,985,2022-08-07,2023-11-08,GB1
David Moyes,Manchester United,985,2013-08-11,2014-04-20,GB1
Ole Gunnar Solskjaer,Manchester United,985,2018-12-22,2021-11-20,GB1
José Mourinho,Real Madrid,418,2012-08-19,2013-06-01,ES1
Carlo Ancelotti,Real Madrid,418,2013-08-18,2023-11-08,ES1
Rafael Benítez,Real Madrid,418,2015-08-23,2016-01-03,ES1
Julen Lopetegui,Real Madrid,418,2018-08-15,2018-10-28,ES1
Zinédine Zidane,Real Madrid,418,2016-01-09,2021-05-22,ES1
José Mourinho,AS Roma,12,2021-08-19,2023-11-09,IT1
Paulo Fonseca,AS Roma,12,2019-08-25,2021-05-23,IT1
Rudi Garcia,AS Roma,12,2013-08-25,2016-01-09,IT1
Luciano Spalletti,AS Roma,12,2016-01-17,2017-05-28,IT1
Eusebio Di Francesco,AS Roma,12,2017-08-20,2019-03-06,IT1
Claudio Ranieri,AS Roma,12,2019-03-11,2019-05-26,IT1
José Mourinho,Tottenham Hotspur,148,2019-11-23,2021-04-16,GB1
Mauricio Pochettino,Tottenham Hotspur,148,2014-08-16,2019-11-09,GB1
Antonio Conte,Tottenham Hotspur,148,2021-11-07,2023-03-18,GB1
Nuno Espírito Santo,Tottenham Hotspur,148,2021-08-15,2021-10-30,GB1
André Villas-Boas,Tottenham Hotspur,148,2012-08-18,2013-12-15,GB1
Ange Postecoglou,Tottenham Hotspur,148,2023-08-13,2023-11-06,GB1
Brendan Rodgers,Celtic FC,371,2016-07-12,2023-11-07,SC1
Neil Lennon,Celtic FC,371,2012-08-01,2021-02-21,SC1
Ronny Deila,Celtic FC,371,2014-07-15,2016-05-15,SC1
Ange Postecoglou,Celtic FC,371,2021-07-20,2023-06-03,SC1
Brendan Rodgers,Leicester City,1003,2019-03-03,2023-04-01,GB1
Claude Puel,Leicester City,1003,2017-10-29,2019-02-23,GB1
Claudio Ranieri,Leicester City,1003,2015-08-08,2017-02-22,GB1
Dean Smith,Leicester City,1003,2023-04-15,2023-05-28,GB1
Carlo Ancelotti,SSC Napoli,6195,2018-08-18,2019-12-10,IT1
Maurizio Sarri,SSC Napoli,6195,2015-08-23,2018-05-20,IT1
Rudi Garcia,SSC Napoli,6195,2023-08-19,2023-11-08,IT1
Luciano Spalletti,SSC Napoli,6195,2021-08-22,2023-06-04,IT1
Rafael Benítez,SSC Napoli,6195,2013-08-25,2015-05-31,IT1
Walter Mazzarri,SSC Napoli,6195,2012-08-11,2013-05-19,IT1
Gennaro Gattuso,SSC Napoli,6195,2019-12-14,2021-05-23,IT1
Carlo Ancelotti,Everton FC,29,2019-12-26,2021-05-23,GB1
David Moyes,Everton FC,29,2012-08-20,2013-05-19,GB1
Marco Silva,Everton FC,29,2018-08-11,2019-12-04,GB1
Sean Dyche,Everton FC,29,2023-02-04,2023-11-04,GB1
Rafael Benítez,Everton FC,29,2021-08-14,2022-01-15,GB1
Ronald Koeman,Everton FC,29,2016-08-13,2017-10-22,GB1
Sam Allardyce,Everton FC,29,2017-12-02,2018-05-13,GB1
Roberto Martínez,Everton FC,29,2013-08-17,2016-05-11,GB1
Frank Lampard,Everton FC,29,2022-02-05,2023-01-21,GB1
Gian Piero Gasperini,Palermo FC,458,2012-09-23,2013-03-10,IT1
Roberto De Zerbi,Palermo FC,458,2016-09-10,2016-11-30,IT1
Giuseppe Iachini,Palermo FC,458,2014-08-23,2016-03-06,IT1
Davide Ballardini,Palermo FC,458,2015-11-22,2016-08-28,IT1
Gian Piero Gasperini,Genoa CFC,252,2013-10-06,2016-05-15,IT1
Rolando Maran,Genoa CFC,252,2020-09-20,2020-12-20,IT1
Ivan Juric,Genoa CFC,252,2016-08-12,2018-12-06,IT1
Davide Nicola,Genoa CFC,252,2020-01-05,2020-08-02,IT1
Davide Ballardini,Genoa CFC,252,2013-01-26,2021-11-05,IT1
Andrea Mandorlini,Genoa CFC,252,2017-02-26,2017-04-09,IT1
Gian Piero Gasperini,Atalanta BC,800,2016-08-13,2023-11-09,IT1
Stefano Colantuono,Atalanta BC,800,2012-08-18,2015-03-01,IT1
Massimiliano Allegri,AC Milan,5,2012-08-26,2014-01-12,IT1
Stefano Pioli,AC Milan,5,2019-10-20,2023-11-07,IT1
Vincenzo Montella,AC Milan,5,2016-08-21,2017-11-26,IT1
Siniša Mihajlović,AC Milan,5,2015-08-17,2016-04-09,IT1
Marco Giampaolo,AC Milan,5,2019-08-25,2019-10-05,IT1
Gennaro Gattuso,AC Milan,5,2017-12-03,2019-05-26,IT1
Filippo Inzaghi,AC Milan,5,2014-08-31,2015-05-30,IT1
Massimiliano Allegri,Juventus FC,506,2014-08-30,2023-11-05,IT1
Maurizio Sarri,Juventus FC,506,2019-08-24,2020-08-07,IT1
Antonio Conte,Juventus FC,506,2012-09-19,2014-05-18,IT1
Massimo Carrera,Juventus FC,506,2012-08-11,2012-10-07,IT1
Stefano Pioli,SS Lazio,398,2014-08-24,2016-04-03,IT1
Maurizio Sarri,SS Lazio,398,2021-08-21,2023-11-07,IT1
Simone Inzaghi,SS Lazio,398,2016-04-10,2021-05-23,IT1
Vladimir Petkovic,SS Lazio,398,2012-08-23,2013-12-22,IT1
Stefano Pioli,Inter Milan,46,2016-11-20,2017-05-07,IT1
Simone Inzaghi,Inter Milan,46,2021-08-21,2023-11-08,IT1
Antonio Conte,Inter Milan,46,2019-08-26,2021-05-23,IT1
Luciano Spalletti,Inter Milan,46,2017-08-20,2019-05-26,IT1
Walter Mazzarri,Inter Milan,46,2013-08-18,2014-11-09,IT1
Frank de Boer,Inter Milan,46,2016-08-21,2016-10-30,IT1
Roberto Mancini,Inter Milan,46,2014-11-23,2016-05-14,IT1
Andrea Stramaccioni,Inter Milan,46,2012-08-02,2013-05-19,IT1
Stefano Pioli,ACF Fiorentina,430,2017-08-20,2019-04-07,IT1
Vincenzo Montella,ACF Fiorentina,430,2012-08-18,2019-12-20,IT1
Paulo Sousa,ACF Fiorentina,430,2015-08-23,2017-05-28,IT1
Giuseppe Iachini,ACF Fiorentina,430,2020-01-06,2021-05-22,IT1
Vincenzo Italiano,ACF Fiorentina,430,2021-08-13,2023-11-05,IT1
Stefano Pioli,Bologna FC 1909,1025,2012-08-18,2014-01-06,IT1
Siniša Mihajlović,Bologna FC 1909,1025,2019-02-03,2022-09-04,IT1
Roberto Donadoni,Bologna FC 1909,1025,2015-11-01,2018-05-20,IT1
Davide Ballardini,Bologna FC 1909,1025,2014-01-11,2014-05-18,IT1
Filippo Inzaghi,Bologna FC 1909,1025,2018-08-12,2019-01-27,IT1
Christophe Galtier,AS Saint-Étienne,618,2012-08-11,2017-05-20,FR1
Claude Puel,AS Saint-Étienne,618,2019-10-06,2021-12-05,FR1
Pascal Dupraz,AS Saint-Étienne,618,2021-12-22,2022-05-21,FR1
Óscar García,AS Saint-Étienne,618,2017-08-05,2017-10-29,FR1
Jean-Louis Gasset,AS Saint-Étienne,618,2018-01-14,2019-05-24,FR1
Christophe Galtier,LOSC Lille,1082,2018-01-13,2021-05-23,FR1
Paulo Fonseca,LOSC Lille,1082,2022-08-07,2023-11-04,FR1
Rudi Garcia,LOSC Lille,1082,2012-08-11,2013-05-26,FR1
Jocelyn Gourvennec,LOSC Lille,1082,2021-08-01,2022-05-21,FR1
Marcelo Bielsa,LOSC Lille,1082,2017-08-06,2017-11-20,FR1
Frédéric Antonetti,LOSC Lille,1082,2015-11-28,2016-11-18,FR1
René Girard,LOSC Lille,1082,2013-08-10,2015-05-23,FR1
Christophe Galtier,OGC Nice,417,2021-08-08,2022-05-21,FR1
Lucien Favre,OGC Nice,417,2016-08-14,2023-01-02,FR1
Claude Puel,OGC Nice,417,2012-08-11,2016-05-14,FR1
Patrick Vieira,OGC Nice,417,2018-08-11,2020-12-03,FR1
Mauricio Pochettino,RCD Espanyol Barcelona,714,2012-08-18,2012-11-25,ES1
Sergio,RCD Espanyol Barcelona,714,2014-08-23,2015-12-12,ES1
Quique Sánchez Flores,RCD Espanyol Barcelona,714,2016-08-20,2018-04-18,ES1
Rubi,RCD Espanyol Barcelona,714,2018-09-25,2019-05-18,ES1
Javier Aguirre,RCD Espanyol Barcelona,714,2012-12-02,2014-05-17,ES1
Diego Martínez,RCD Espanyol Barcelona,714,2022-08-13,2023-04-01,ES1
Abelardo,RCD Espanyol Barcelona,714,2020-01-04,2020-06-25,ES1
Luis García,RCD Espanyol Barcelona,714,2023-04-08,2023-10-31,ES1
Pablo Machín,RCD Espanyol Barcelona,714,2019-10-20,2019-12-22,ES1
Vicente Moreno,RCD Espanyol Barcelona,714,2020-12-16,2022-05-11,ES1
Mauricio Pochettino,Southampton FC,180,2013-01-21,2014-05-11,GB1
Claude Puel,Southampton FC,180,2016-08-13,2017-05-21,GB1
Ralph Hasenhüttl,Southampton FC,180,2018-12-08,2022-11-06,GB1
Ronald Koeman,Southampton FC,180,2014-08-17,2016-05-15,GB1
Mark Hughes,Southampton FC,180,2018-03-18,2018-12-01,GB1
Mauricio Pellegrino,Southampton FC,180,2017-08-12,2018-03-10,GB1
Sérgio Conceição,Vitória Guimarães SC,2420,2015-09-27,2016-05-14,PO1
Pedro Martins,Vitória Guimarães SC,2420,2016-01-03,2018-02-18,PO1
Rui Vitória,Vitória Guimarães SC,2420,2012-08-19,2015-05-23,PO1
Pêpa,Vitória Guimarães SC,2420,2021-07-26,2022-05-15,PO1
Ivo Vieira,Vitória Guimarães SC,2420,2019-07-25,2020-07-24,PO1
Luís Castro,Vitória Guimarães SC,2420,2018-08-06,2019-04-06,PO1
João Henriques,Vitória Guimarães SC,2420,2020-10-19,2021-04-04,PO1
José Peseiro,Vitória Guimarães SC,2420,2018-03-04,2018-05-12,PO1
Sérgio Conceição,Académica Coimbra,2990,2013-04-19,2015-02-22,PO1
Paulo Sérgio,Académica Coimbra,2990,2014-08-16,2015-02-15,PO1
Pedro Emanuel,Académica Coimbra,2990,2012-08-11,2013-04-07,PO1
Sérgio Conceição,FC Porto,720,2017-08-09,2023-11-07,PO1
Paulo Fonseca,FC Porto,720,2013-08-10,2014-03-02,PO1
Nuno Espírito Santo,FC Porto,720,2016-08-12,2017-05-21,PO1
Julen Lopetegui,FC Porto,720,2014-08-15,2016-01-06,PO1
Luís Castro,FC Porto,720,2014-03-09,2014-05-10,PO1
Vítor Pereira,FC Porto,720,2012-08-11,2013-05-19,PO1
José Peseiro,FC Porto,720,2016-01-24,2016-05-14,PO1
Sérgio Conceição,FC Nantes,995,2016-12-16,2017-05-20,FR1
Michel Der Zakarian,FC Nantes,995,2013-08-10,2016-05-14,FR1
Claudio Ranieri,FC Nantes,995,2017-08-06,2018-05-19,FR1
Antoine Kombouaré,FC Nantes,995,2021-02-14,2023-05-07,FR1
Christian Gourcuff,FC Nantes,995,2019-08-11,2020-12-06,FR1
René Girard,FC Nantes,995,2016-08-13,2016-12-03,FR1
Sérgio Conceição,SC Braga,1075,2014-08-17,2015-05-23,PO1
Paulo Fonseca,SC Braga,1075,2015-08-16,2016-05-15,PO1
Carlos Carvalhal,SC Braga,1075,2020-09-19,2022-05-15,PO1
Ricardo Sá Pinto,SC Braga,1075,2019-08-08,2019-12-22,PO1
Jorge Simão,SC Braga,1075,2016-12-22,2017-04-23,PO1
Rúben Amorim,SC Braga,1075,2020-01-04,2020-03-01,PO1
Abel Ferreira,SC Braga,1075,2016-12-18,2019-03-09,PO1
José Peseiro,SC Braga,1075,2012-08-18,2016-12-11,PO1
Sérgio Conceição,SC Olhanense,4750,2012-08-17,2012-12-19,PO1
Ernesto Valverde,Valencia CF,1049,2012-12-05,2013-06-01,ES1
Nuno Espírito Santo,Valencia CF,1049,2014-08-23,2015-11-29,ES1
Marcelino,Valencia CF,1049,2017-08-18,2019-09-01,ES1
Javi Gracia,Valencia CF,1049,2020-09-13,2021-05-02,ES1
Pepe Bordalás,Valencia CF,1049,2021-08-13,2022-05-21,ES1
Gennaro Gattuso,Valencia CF,1049,2022-08-14,2023-01-29,ES1
Mauricio Pellegrino,Valencia CF,1049,2012-08-19,2012-12-01,ES1
Miroslav Djukic,Valencia CF,1049,2013-08-17,2013-12-15,ES1
Ernesto Valverde,Athletic Bilbao,621,2013-08-17,2023-11-05,ES1
Marcelino,Athletic Bilbao,621,2021-01-06,2022-05-22,ES1
Eduardo Berizzo,Athletic Bilbao,621,2018-09-23,2018-12-03,ES1
Gaizka Garitano,Athletic Bilbao,621,2018-12-10,2021-01-03,ES1
Marcelo Bielsa,Athletic Bilbao,621,2012-08-02,2013-06-01,ES1
Ernesto Valverde,FC Barcelona,131,2017-08-13,2020-01-09,ES1
Ronald Koeman,FC Barcelona,131,2020-09-27,2021-10-27,ES1
Luis Enrique,FC Barcelona,131,2014-08-24,2017-05-27,ES1
Quique Setién,FC Barcelona,131,2020-01-19,2020-08-14,ES1
Xavi,FC Barcelona,131,2021-11-20,2023-11-07,ES1
Manuel Pellegrini,Málaga CF,1084,2012-08-18,2013-06-01,ES1
Javi Gracia,Málaga CF,1084,2014-08-23,2016-05-15,ES1
Michel,Málaga CF,1084,2017-03-11,2018-01-12,ES1
Juande Ramos,Málaga CF,1084,2016-08-19,2016-12-20,ES1
Manuel Pellegrini,West Ham United,379,2018-08-12,2019-12-28,GB1
David Moyes,West Ham United,379,2017-11-19,2023-11-09,GB1
Sam Allardyce,West Ham United,379,2012-08-18,2015-05-24,GB1
Slaven Bilic,West Ham United,379,2015-07-09,2017-11-04,GB1
Manuel Pellegrini,Real Betis Balompié,150,2020-09-13,2023-11-04,ES1
Quique Setién,Real Betis Balompié,150,2017-08-20,2019-05-19,ES1
Rubi,Real Betis Balompié,150,2019-08-18,2020-06-20,ES1
Pepe Mel,Real Betis Balompié,150,2012-08-19,2016-01-09,ES1
Gustavo Poyet,Real Betis Balompié,150,2016-08-20,2016-11-06,ES1
Pedro Martins,Rio Ave FC,2425,2014-07-31,2016-05-14,PO1
Nuno Espírito Santo,Rio Ave FC,2425,2012-08-18,2014-05-11,PO1
Carlos Carvalhal,Rio Ave FC,2425,2019-08-03,2020-07-25,PO1
Daniel Ramos,Rio Ave FC,2425,2019-01-06,2019-03-17,PO1
Luís Castro,Rio Ave FC,2425,2016-11-25,2017-05-20,PO1
Pedro Martins,CS Marítimo,1301,2012-08-02,2014-05-11,PO1
Petit,CS Marítimo,1301,2018-12-01,2019-03-09,PO1
Daniel Ramos,CS Marítimo,1301,2016-09-25,2018-05-13,PO1
Ivo Vieira,CS Marítimo,1301,2015-03-08,2016-01-16,PO1
Lito Vidigal,CS Marítimo,1301,2020-09-20,2020-11-30,PO1
João Henriques,CS Marítimo,1301,2022-09-11,2022-12-07,PO1
Julio Velázquez,CS Marítimo,1301,2021-03-12,2021-11-07,PO1
Nuno Manta Santos,CS Marítimo,1301,2019-08-03,2019-11-10,PO1
Vasco Seabra,CS Marítimo,1301,2021-11-28,2022-09-04,PO1
Pedro Martins,Olympiacos Piraeus,683,2018-08-09,2022-07-27,GR1
Marco Silva,Olympiacos Piraeus,683,2015-08-23,2016-05-17,GR1
Leonardo Jardim,Olympiacos Piraeus,683,2012-08-26,2013-01-16,GR1
Michel,Olympiacos Piraeus,683,2013-02-09,2023-03-12,GR1
Diego Martínez,Olympiacos Piraeus,683,2023-08-10,2023-11-09,GR1
Vítor Pereira,Olympiacos Piraeus,683,2015-01-11,2015-05-23,GR1
Óscar García,Olympiacos Piraeus,683,2018-01-10,2018-03-31,GR1
Paulo Fonseca,Shakhtar Donetsk,660,2016-07-16,2019-05-15,UKR1
Mircea Lucescu,Shakhtar Donetsk,660,2012-07-09,2016-05-21,UKR1
Roberto De Zerbi,Shakhtar Donetsk,660,2021-07-24,2021-12-11,UKR1
Luís Castro,Shakhtar Donetsk,660,2019-07-28,2021-05-09,UKR1
Igor Jovicevic,Shakhtar Donetsk,660,2022-08-23,2023-06-04,UKR1
Paulo Fonseca,FC Paços de Ferreira,2995,2012-08-19,2015-05-23,PO1
Petit,FC Paços de Ferreira,2995,2017-11-05,2018-01-08,PO1
Pêpa,FC Paços de Ferreira,2995,2019-09-14,2021-05-18,PO1
Jorge Simão,FC Paços de Ferreira,2995,2015-08-17,2021-12-10,PO1
José Mota,FC Paços de Ferreira,2995,2022-10-22,2022-12-11,PO1
João Henriques,FC Paços de Ferreira,2995,2018-01-13,2018-05-13,PO1
Vasco Seabra,FC Paços de Ferreira,2995,2016-01-03,2017-10-21,PO1
Thomas Tuchel,1.FSV Mainz 05,39,2012-08-19,2014-05-10,L1
Kasper Hjulmand,1.FSV Mainz 05,39,2014-07-31,2015-02-13,L1
Sandro Schwarz,1.FSV Mainz 05,39,2017-08-12,2019-11-09,L1
Martin Schmidt,1.FSV Mainz 05,39,2015-02-21,2017-05-20,L1
Bo Svensson,1.FSV Mainz 05,39,2021-01-09,2023-11-01,L1
Maurizio Sarri,FC Empoli,749,2012-08-12,2015-05-31,IT1
Marco Giampaolo,FC Empoli,749,2015-08-15,2016-05-15,IT1
Giuseppe Iachini,FC Empoli,749,2018-11-11,2019-03-11,IT1
Jorge Jesus,SL Benfica,294,2012-08-18,2021-12-19,PO1
Roger Schmidt,SL Benfica,294,2022-08-02,2023-11-08,PO1
Rui Vitória,SL Benfica,294,2015-08-09,2019-01-02,PO1
Bruno Lage,SL Benfica,294,2019-01-06,2020-06-29,PO1
Jorge Jesus,Sporting CP,336,2015-08-09,2018-05-13,PO1
Marco Silva,Sporting CP,336,2014-08-16,2015-05-23,PO1
Leonardo Jardim,Sporting CP,336,2013-08-18,2014-05-11,PO1
Ricardo Sá Pinto,Sporting CP,336,2012-08-19,2012-10-04,PO1
Rúben Amorim,Sporting CP,336,2020-03-08,2023-11-05,PO1
Frank Vercauteren,Sporting CP,336,2012-11-04,2013-01-05,PO1
José Peseiro,Sporting CP,336,2018-08-12,2018-10-31,PO1
Jorge Jesus,Fenerbahce,36,2022-07-20,2023-06-04,TR1
Phillip Cocu,Fenerbahce,36,2018-08-07,2018-10-28,TR1
Dick Advocaat,Fenerbahce,36,2016-08-18,2017-06-03,TR1
Aykut Kocaman,Fenerbahce,36,2012-08-01,2018-05-19,TR1
Ersun Yanal,Fenerbahce,36,2013-07-31,2020-02-23,TR1
Erol Bulut,Fenerbahce,36,2020-09-11,2021-03-21,TR1
Vítor Pereira,Fenerbahce,36,2015-07-28,2021-12-19,TR1
Ismail Kartal,Fenerbahce,36,2014-08-31,2022-05-21,TR1
Christian Streich,SC Freiburg,60,2012-08-18,2023-11-09,L1
Peter Bosz,Vitesse Arnhem,499,2013-08-01,2015-12-18,NL1
Leonid Slutski,Vitesse Arnhem,499,2018-07-26,2019-11-29,NL1
Henk Fraser,Vitesse Arnhem,499,2016-08-06,2018-04-18,NL1
Phillip Cocu,Vitesse Arnhem,499,2022-10-01,2023-11-04,NL1
Thomas Letsch,Vitesse Arnhem,499,2020-09-13,2022-09-17,NL1
Peter Bosz,Olympique Lyon,1041,2021-08-07,2022-10-07,FR1
Rudi Garcia,Olympique Lyon,1041,2019-10-19,2021-05-23,FR1
Bruno Génésio,Olympique Lyon,1041,2016-01-09,2019-05-24,FR1
Laurent Blanc,Olympique Lyon,1041,2022-10-16,2023-09-03,FR1
Hubert Fournier,Olympique Lyon,1041,2014-07-31,2015-12-20,FR1
Rémi Garde,Olympique Lyon,1041,2012-07-28,2014-05-17,FR1
Peter Bosz,Bayer 04 Leverkusen,15,2019-01-19,2021-03-21,L1
Roger Schmidt,Bayer 04 Leverkusen,15,2014-08-15,2017-03-04,L1
Heiko Herrlich,Bayer 04 Leverkusen,15,2017-08-11,2018-12-22,L1
Peter Bosz,Ajax Amsterdam,610,2016-07-26,2017-05-24,NL1
Erik ten Hag,Ajax Amsterdam,610,2018-01-21,2022-05-15,NL1
Frank de Boer,Ajax Amsterdam,610,2012-08-05,2016-05-08,NL1
Maurice Steijn,Ajax Amsterdam,610,2023-08-12,2023-10-22,NL1
Alfred Schreuder,Ajax Amsterdam,610,2022-07-30,2023-01-26,NL1
Peter Bosz,Heracles Almelo,1304,2012-08-11,2013-05-12,NL1
John Stegeman,Heracles Almelo,1304,2014-09-13,2018-05-06,NL1
Frank Wormuth,Heracles Almelo,1304,2018-08-11,2022-05-15,NL1
Peter Bosz,PSV Eindhoven,383,2023-08-04,2023-11-08,NL1
Roger Schmidt,PSV Eindhoven,383,2020-09-13,2022-05-15,NL1
Phillip Cocu,PSV Eindhoven,383,2013-07-30,2018-05-06,NL1
Dick Advocaat,PSV Eindhoven,383,2012-08-05,2013-05-12,NL1
Mark van Bommel,PSV Eindhoven,383,2018-08-04,2019-12-15,NL1
Ernest Faber,PSV Eindhoven,383,2014-03-29,2020-03-08,NL1
Erik ten Hag,Go Ahead Eagles,1435,2012-09-25,2012-12-19,NL1
John Stegeman,Go Ahead Eagles,1435,2018-09-25,2018-10-31,NL1
René Hake,Go Ahead Eagles,1435,2022-08-07,2023-11-04,NL1
Erik ten Hag,FC Utrecht,200,2015-08-08,2017-12-23,NL1
John van den Brom,FC Utrecht,200,2019-07-25,2020-11-01,NL1
Henk Fraser,FC Utrecht,200,2022-08-06,2022-11-12,NL1
Ron Jans,FC Utrecht,200,2023-09-16,2023-11-05,NL1
Dick Advocaat,FC Utrecht,200,2018-09-23,2019-05-15,NL1
René Hake,FC Utrecht,200,2020-11-08,2022-03-20,NL1
Derek McInnes,Aberdeen FC,370,2013-04-22,2021-03-06,SC1
Jim Goodwin,Aberdeen FC,370,2022-02-19,2023-01-28,SC1
Derek McInnes,Kilmarnock FC,2553,2022-01-22,2023-11-04,SC1
Tommy Wright,Kilmarnock FC,2553,2021-02-10,2021-11-27,SC1
Steve Clarke,Kilmarnock FC,2553,2017-10-25,2019-04-06,SC1
John van den Brom,RSC Anderlecht,58,2012-07-22,2014-03-08,BE1
Hein Vanhaezebrouck,RSC Anderlecht,58,2017-10-13,2018-12-16,BE1
Felice Mazzù,RSC Anderlecht,58,2022-07-24,2022-10-23,BE1
Karim Belhocine,RSC Anderlecht,58,2018-12-22,2018-12-27,BE1
Frank Vercauteren,RSC Anderlecht,58,2019-10-20,2020-08-16,BE1
John van den Brom,AZ Alkmaar,1090,2014-10-05,2019-05-15,NL1
Dick Advocaat,AZ Alkmaar,1090,2013-09-25,2014-05-03,NL1
Arne Slot,AZ Alkmaar,1090,2019-07-25,2020-12-03,NL1
Pascal Jansen,AZ Alkmaar,1090,2020-12-06,2023-11-04,NL1
Alex Pastoor,AZ Alkmaar,1090,2014-08-30,2014-09-13,NL1
Gertjan Verbeek,AZ Alkmaar,1090,2012-08-12,2013-09-28,NL1
John van den Brom,KRC Genk,1184,2020-11-22,2021-12-05,BE1
Jess Thorup,KRC Genk,1184,2020-09-28,2020-10-30,BE1
Felice Mazzù,KRC Genk,1184,2019-07-20,2019-11-10,BE1
Philippe Clement,KRC Genk,1184,2017-12-23,2019-03-17,BE1
Peter Maes,KRC Genk,1184,2015-07-25,2016-12-21,BE1
Wouter Vrancken,KRC Genk,1184,2022-07-24,2023-11-04,BE1
David Moyes,Sunderland AFC,289,2016-08-13,2017-05-21,GB1
Dick Advocaat,Sunderland AFC,289,2015-03-21,2015-10-03,GB1
Sam Allardyce,Sunderland AFC,289,2015-10-17,2016-05-15,GB1
Gustavo Poyet,Sunderland AFC,289,2013-10-19,2015-03-14,GB1
David Moyes,Real Sociedad,681,2014-11-22,2015-11-06,ES1
Jagoba Arrasate,Real Sociedad,681,2013-08-17,2014-11-01,ES1
Imanol Alguacil,Real Sociedad,681,2018-04-01,2023-11-08,ES1
Philippe Montanier,Real Sociedad,681,2012-08-19,2013-06-01,ES1
Asier Garitano,Real Sociedad,681,2018-09-25,2018-12-21,ES1
Eusebio,Real Sociedad,681,2015-11-21,2018-03-17,ES1
Rudi Garcia,Olympique Marseille,244,2016-10-23,2019-05-24,FR1
Marcelino,Olympique Marseille,244,2023-08-09,2023-09-17,FR1
André Villas-Boas,Olympique Marseille,244,2019-08-10,2021-01-23,FR1
Michel,Olympique Marseille,244,2015-08-23,2016-04-17,FR1
Gennaro Gattuso,Olympique Marseille,244,2023-09-30,2023-11-09,FR1
Igor Tudor,Olympique Marseille,244,2022-08-07,2023-06-03,FR1
Marcelo Bielsa,Olympique Marseille,244,2014-08-09,2015-08-08,FR1
Jorge Sampaoli,Olympique Marseille,244,2021-03-10,2022-05-21,FR1
Vincenzo Montella,UC Sampdoria,1038,2015-11-22,2016-05-14,IT1
Eusebio Di Francesco,UC Sampdoria,1038,2019-08-17,2019-10-05,IT1
Siniša Mihajlović,UC Sampdoria,1038,2013-11-24,2015-05-31,IT1
Claudio Ranieri,UC Sampdoria,1038,2019-10-20,2021-05-22,IT1
Marco Giampaolo,UC Sampdoria,1038,2016-08-14,2022-10-02,IT1
Roberto D'Aversa,UC Sampdoria,1038,2021-08-16,2022-01-15,IT1
Vincenzo Montella,Adana Demirspor,3840,2021-09-11,2023-06-07,TR1
Samet Aybaba,Adana Demirspor,3840,2021-08-15,2021-08-27,TR1
Lucien Favre,Borussia Mönchengladbach,18,2012-08-18,2015-09-19,L1
Dieter Hecking,Borussia Mönchengladbach,18,2017-01-21,2019-05-18,L1
Marco Rose,Borussia Mönchengladbach,18,2019-08-09,2021-05-22,L1
Adi Hütter,Borussia Mönchengladbach,18,2021-08-09,2022-05-14,L1
Riza Calimbay,Sivasspor,2381,2012-08-18,2023-06-06,TR1
Okan Buruk,Sivasspor,2381,2015-10-28,2016-02-05,TR1
Sergen Yalcin,Sivasspor,2381,2014-12-28,2015-10-24,TR1
Samet Aybaba,Sivasspor,2381,2017-08-12,2018-05-19,TR1
Mesut Bakkal,Sivasspor,2381,2016-02-14,2016-05-19,TR1
Riza Calimbay,Caykur Rizespor,126,2013-08-17,2014-02-08,TR1
Okan Buruk,Caykur Rizespor,126,2018-09-30,2019-05-24,TR1
Hamza Hamzaoglu,Caykur Rizespor,126,2021-09-26,2022-02-18,TR1
Hikmet Karaman,Caykur Rizespor,126,2014-12-15,2017-06-03,TR1
Mehmet Özdilek,Caykur Rizespor,126,2014-08-29,2014-12-07,TR1
Marius Sumudica,Caykur Rizespor,126,2021-01-30,2021-03-03,TR1
Bülent Korkmaz,Caykur Rizespor,126,2022-02-27,2022-05-20,TR1
Ismail Kartal,Caykur Rizespor,126,2019-08-17,2020-02-29,TR1
Ünal Karaman,Caykur Rizespor,126,2020-03-08,2020-07-13,TR1
Riza Calimbay,Kasimpasa,10484,2015-08-16,2016-09-10,TR1
Kemal Özdes,Kasimpasa,10484,2016-09-19,2023-06-06,TR1
Shota Arveladze,Kasimpasa,10484,2012-10-21,2015-03-13,TR1
Riza Calimbay,Trabzonspor,449,2017-10-21,2018-05-18,TR1
Abdullah Avci,Trabzonspor,449,2020-11-22,2023-03-04,TR1
Senol Günes,Trabzonspor,449,2012-08-23,2013-01-27,TR1
Ersun Yanal,Trabzonspor,449,2014-11-22,2017-10-15,TR1
Mustafa Resit Akcay,Trabzonspor,449,2013-07-18,2014-02-09,TR1
Tolunay Kafkas,Trabzonspor,449,2013-02-03,2013-05-18,TR1
Shota Arveladze,Trabzonspor,449,2015-07-16,2015-11-07,TR1
Ünal Karaman,Trabzonspor,449,2018-08-12,2019-12-28,TR1
Riza Calimbay,Mersin Talimyurdu SK,3216,2014-08-30,2015-05-30,TR1
Mesut Bakkal,Mersin Talimyurdu SK,3216,2015-08-16,2015-09-18,TR1
Bülent Korkmaz,Mersin Talimyurdu SK,3216,2015-09-27,2015-12-27,TR1
Riza Calimbay,Antalyaspor,589,2016-10-17,2017-09-15,TR1
Hamza Hamzaoglu,Antalyaspor,589,2018-01-21,2018-05-18,TR1
Ersun Yanal,Antalyaspor,589,2020-11-22,2021-10-01,TR1
Samet Aybaba,Antalyaspor,589,2013-08-16,2014-03-09,TR1
Mehmet Özdilek,Antalyaspor,589,2012-08-20,2013-05-19,TR1
Bülent Korkmaz,Antalyaspor,589,2018-08-13,2019-11-09,TR1
Riza Calimbay,Konyaspor,2293,2018-08-12,2018-11-10,TR1
Aykut Kocaman,Konyaspor,2293,2014-11-03,2020-02-08,TR1
Sergen Yalcin,Konyaspor,2293,2018-03-11,2018-05-19,TR1
Mehmet Özdilek,Konyaspor,2293,2017-10-29,2018-03-04,TR1
Mesut Bakkal,Konyaspor,2293,2013-12-22,2014-10-24,TR1
Mustafa Resit Akcay,Konyaspor,2293,2017-08-13,2017-10-22,TR1
Bülent Korkmaz,Konyaspor,2293,2020-02-15,2020-07-25,TR1
Ismail Kartal,Konyaspor,2293,2020-09-19,2021-02-07,TR1
Ilhan Palut,Konyaspor,2293,2021-02-14,2023-01-14,TR1
Hein Vanhaezebrouck,KAA Gent,157,2014-07-26,2023-11-05,BE1
Jess Thorup,KAA Gent,157,2018-10-21,2020-08-15,BE1
Yves Vanderhaeghe,KAA Gent,157,2017-10-14,2018-10-07,BE1
László Bölöni,KAA Gent,157,2020-08-22,2020-09-11,BE1
Hein Vanhaezebrouck,KV Kortrijk,601,2012-07-28,2014-03-16,BE1
Yves Vanderhaeghe,KV Kortrijk,601,2014-07-27,2021-01-30,BE1
Giannis Anastasiou,KV Kortrijk,601,2017-07-29,2017-11-04,BE1
Karim Belhocine,KV Kortrijk,601,2016-02-13,2022-08-28,BE1
Mircea Lucescu,Zenit St. Petersburg,964,2016-07-23,2017-05-21,RU1
Luciano Spalletti,Zenit St. Petersburg,964,2012-07-14,2014-03-09,RU1
Sergey Semak,Zenit St. Petersburg,964,2014-03-15,2023-11-04,RU1
André Villas-Boas,Zenit St. Petersburg,964,2014-03-24,2016-05-21,RU1
Roberto Mancini,Zenit St. Petersburg,964,2017-07-16,2018-05-13,RU1
Mircea Lucescu,Dynamo Kyiv,338,2020-08-21,2023-11-03,UKR1
Sergiy Rebrov,Dynamo Kyiv,338,2014-04-20,2017-05-30,UKR1
Aleksandr Khatskevich,Dynamo Kyiv,338,2017-07-15,2019-08-13,UKR1
Nuno Espírito Santo,Wolverhampton Wanderers,543,2018-01-06,2021-05-23,GB1
Julen Lopetegui,Wolverhampton Wanderers,543,2022-12-20,2023-05-28,GB1
Paul Lambert,Wolverhampton Wanderers,543,2017-01-07,2017-02-18,GB1
Bruno Lage,Wolverhampton Wanderers,543,2021-08-14,2022-10-01,GB1
José Luis Mendilibar,SD Eibar,1533,2015-08-24,2021-05-22,ES1
Gaizka Garitano,SD Eibar,1533,2012-08-29,2022-12-21,ES1
José Luis Mendilibar,CA Osasuna,331,2012-08-20,2013-08-31,ES1
Javi Gracia,CA Osasuna,331,2013-09-15,2014-05-18,ES1
Jagoba Arrasate,CA Osasuna,331,2019-08-17,2023-11-04,ES1
Diego Martínez,CA Osasuna,331,2017-09-07,2017-09-20,ES1
Joaquín Caparrós,CA Osasuna,331,2016-11-21,2017-01-03,ES1
José Luis Mendilibar,Deportivo Alavés,1108,2022-01-02,2022-04-02,ES1
Javier Calleja,Deportivo Alavés,1108,2021-04-10,2021-12-21,ES1
Abelardo,Deportivo Alavés,1108,2017-12-04,2021-04-04,ES1
Luis García,Deportivo Alavés,1108,2022-11-13,2023-11-05,ES1
Asier Garitano,Deportivo Alavés,1108,2019-08-18,2020-07-04,ES1
Mauricio Pellegrino,Deportivo Alavés,1108,2016-08-21,2017-05-27,ES1
Julio Velázquez,Deportivo Alavés,1108,2022-04-10,2022-05-22,ES1
Pablo Machín,Deportivo Alavés,1108,2020-09-13,2021-01-10,ES1
José Luis Mendilibar,Levante UD,3368,2014-08-24,2014-10-18,ES1
Rubi,Levante UD,3368,2015-10-31,2016-05-15,ES1
Javier Calleja,Levante UD,3368,2022-11-12,2023-10-31,ES1
Paco López,Levante UD,3368,2018-03-10,2021-10-02,ES1
Lucas Alcaraz,Levante UD,3368,2014-10-24,2015-10-25,ES1
Juan Ignacio Martínez,Levante UD,3368,2012-08-19,2013-06-01,ES1
Joaquín Caparrós,Levante UD,3368,2013-08-18,2014-05-16,ES1
Michel Der Zakarian,Montpellier HSC,969,2017-08-05,2023-11-03,FR1
Olivier Dall'Oglio,Montpellier HSC,969,2021-08-08,2022-10-15,FR1
René Girard,Montpellier HSC,969,2012-07-28,2013-05-26,FR1
Frédéric Hantz,Montpellier HSC,969,2016-01-30,2017-01-27,FR1
Jean-Louis Gasset,Montpellier HSC,969,2017-02-04,2017-05-20,FR1
Michel Der Zakarian,Stade Brestois 29,3911,2021-08-07,2022-10-09,FR1
Olivier Dall'Oglio,Stade Brestois 29,3911,2019-08-09,2021-05-23,FR1
Marco Silva,Fulham FC,931,2022-01-08,2023-11-04,GB1
Claudio Ranieri,Fulham FC,931,2018-11-24,2019-02-27,GB1
Marco Silva,Watford FC,1010,2017-08-12,2018-01-20,GB1
Claudio Ranieri,Watford FC,1010,2021-10-16,2022-01-21,GB1
Javi Gracia,Watford FC,1010,2018-01-27,2019-08-31,GB1
Walter Mazzarri,Watford FC,1010,2016-08-13,2017-05-21,GB1
Quique Sánchez Flores,Watford FC,1010,2015-08-08,2019-11-30,GB1
Roy Hodgson,Watford FC,1010,2022-02-05,2022-05-22,GB1
Marco Silva,Hull City,3008,2017-01-07,2017-05-21,GB1
Steve Bruce,Hull City,3008,2013-01-05,2016-03-08,GB1
Marco Silva,GD Estoril Praia,1465,2012-08-17,2014-05-11,PO1
Ivo Vieira,GD Estoril Praia,1465,2017-11-26,2018-05-13,PO1
José Couceiro,GD Estoril Praia,1465,2014-08-18,2015-02-28,PO1
Pedro Emanuel,GD Estoril Praia,1465,2017-03-12,2017-10-20,PO1
Ricardo Soares,GD Estoril Praia,1465,2023-03-04,2023-05-27,PO1
Vasco Seabra,GD Estoril Praia,1465,2023-10-07,2023-11-03,PO1
Viktor Goncharenko,FK Ufa,28095,2016-07-31,2016-12-05,RU1
Sergey Semak,FK Ufa,28095,2017-03-01,2018-05-13,RU1
Rashid Rakhimov,FK Ufa,28095,2020-10-17,2021-04-03,RU1
Viktor Goncharenko,CSKA Moscow,2410,2017-03-04,2021-03-17,RU1
Leonid Slutski,CSKA Moscow,2410,2012-07-21,2016-12-07,RU1
Vladimir Fedotov,CSKA Moscow,2410,2022-07-16,2023-11-05,RU1
Viktor Goncharenko,Ural Yekaterinburg,11127,2015-07-20,2023-11-06,RU1
Dmitriy Parfenov,Ural Yekaterinburg,11127,2018-07-28,2020-07-19,RU1
Igor Shalimov,Ural Yekaterinburg,11127,2021-08-14,2022-08-06,RU1
Aleksandr Tarkhanov,Ural Yekaterinburg,11127,2013-11-30,2018-05-13,RU1
Viktor Goncharenko,Kuban Krasnodar (-2018),2439,2013-10-20,2014-11-07,RU1
Leonid Kuchuk,Kuban Krasnodar (-2018),2439,2013-03-08,2015-05-21,RU1
Igor Osinjkin,Kuban Krasnodar (-2018),2439,2015-09-23,2016-05-21,RU1
Sergey Tashuev,Kuban Krasnodar (-2018),2439,2015-09-19,2016-04-24,RU1
Viktor Goncharenko,FK Krasnodar,16704,2021-04-11,2021-12-12,RU1
Oleg Kononov,FK Krasnodar,16704,2013-08-18,2016-09-11,RU1
Murad Musaev,FK Krasnodar,16704,2018-04-07,2021-04-03,RU1
Igor Shalimov,FK Krasnodar,16704,2016-09-15,2018-04-01,RU1
Vladimir Ivic,FK Krasnodar,16704,2023-02-23,2023-11-05,RU1
Leonid Slutski,Rubin Kazan,2698,2020-03-01,2022-10-05,RU1
Javi Gracia,Rubin Kazan,2698,2016-08-01,2017-05-21,RU1
Kurban Berdyev,Rubin Kazan,2698,2012-07-14,2019-05-26,RU1
Rashid Rakhimov,Rubin Kazan,2698,2023-07-22,2023-11-06,RU1
Kent Nielsen,Silkeborg IF,1177,2019-07-14,2023-11-05,DK1
Peter Sörensen,Silkeborg IF,1177,2016-07-15,2018-08-08,DK1
Kent Nielsen,Aalborg BK,1053,2012-07-13,2015-06-07,DK1
Lars Söndergaard,Aalborg BK,1053,2015-07-20,2016-12-09,DK1
Jacob Friis,Aalborg BK,1053,2018-11-30,2020-10-26,DK1
Kent Nielsen,Odense Boldklub,173,2015-07-19,2018-03-18,DK1
Jakob Michelsen,Odense Boldklub,173,2018-07-15,2021-03-14,DK1
Sean Dyche,Burnley FC,1132,2013-01-05,2022-04-10,GB1
Abdullah Avci,Basaksehir FK,6890,2014-08-30,2019-05-24,TR1
Okan Buruk,Basaksehir FK,6890,2019-08-07,2021-01-23,TR1
Aykut Kocaman,Basaksehir FK,6890,2021-02-02,2021-10-01,TR1
Carlos Carvalhal,Basaksehir FK,6890,2012-08-19,2012-11-10,TR1
Bülent Korkmaz,Basaksehir FK,6890,2012-11-17,2013-05-18,TR1
Abdullah Avci,Besiktas JK,114,2019-08-17,2020-01-19,TR1
Senol Günes,Besiktas JK,114,2015-08-16,2023-06-07,TR1
Slaven Bilic,Besiktas JK,114,2013-08-18,2015-05-29,TR1
Sergen Yalcin,Besiktas JK,114,2020-02-01,2021-12-07,TR1
Samet Aybaba,Besiktas JK,114,2012-08-19,2013-05-19,TR1
Jess Thorup,Esbjerg fB,3426,2012-07-15,2013-05-20,DK1
Niels Frederiksen,Esbjerg fB,3426,2013-07-22,2015-08-09,DK1
Colin Todd,Esbjerg fB,3426,2016-07-17,2016-12-04,DK1
Ólafur Helgi Kristjánsson,Esbjerg fB,3426,2020-09-01,2020-11-11,DK1
Jess Thorup,FC Midtjylland,865,2015-07-14,2018-10-07,DK1
Glen Riddersholm,FC Midtjylland,865,2012-07-15,2015-06-07,DK1
Thomas Thomasberg,FC Midtjylland,865,2023-07-21,2023-11-05,DK1
Bo Henriksen,FC Midtjylland,865,2021-07-16,2022-07-26,DK1
Brian Priske,FC Midtjylland,865,2012-12-02,2021-04-15,DK1
Jess Thorup,FC Copenhagen,190,2020-11-04,2022-09-18,DK1
Stale Solbakken,FC Copenhagen,190,2014-07-20,2020-10-04,DK1
Jess Thorup,FC Augsburg,167,2023-10-22,2023-11-04,L1
Markus Weinzierl,FC Augsburg,167,2012-08-17,2022-05-14,L1
Martin Schmidt,FC Augsburg,167,2019-04-14,2020-03-08,L1
Heiko Herrlich,FC Augsburg,167,2020-05-16,2021-04-23,L1
Julian Nagelsmann,TSG 1899 Hoffenheim,533,2016-02-13,2019-05-18,L1
Markus Gisdol,TSG 1899 Hoffenheim,533,2013-04-05,2015-10-23,L1
André Breitenreiter,TSG 1899 Hoffenheim,533,2022-07-31,2023-02-04,L1
Huub Stevens,TSG 1899 Hoffenheim,533,2015-10-31,2016-02-07,L1
Alfred Schreuder,TSG 1899 Hoffenheim,533,2019-08-10,2020-06-06,L1
Pellegrino Matarazzo,TSG 1899 Hoffenheim,533,2023-02-11,2023-11-04,L1
Sebastian Hoeneß,TSG 1899 Hoffenheim,533,2020-09-13,2022-05-14,L1
Julian Nagelsmann,RB Leipzig,23826,2019-08-11,2021-05-22,L1
Ralph Hasenhüttl,RB Leipzig,23826,2016-08-20,2018-05-12,L1
Marco Rose,RB Leipzig,23826,2022-09-10,2023-11-07,L1
Domenico Tedesco,RB Leipzig,23826,2021-12-11,2022-09-06,L1
Francky Dury,SV Zulte Waregem,3508,2012-07-29,2021-12-15,BE1
Rafael Benítez,Newcastle United,762,2016-03-14,2019-05-12,GB1
Eddie Howe,Newcastle United,762,2021-11-27,2023-11-07,GB1
Alan Pardew,Newcastle United,762,2012-08-18,2014-12-28,GB1
Steve Bruce,Newcastle United,762,2019-08-11,2021-10-17,GB1
Rafael Benítez,Celta de Vigo,940,2023-08-13,2023-11-04,ES1
Luis Enrique,Celta de Vigo,940,2013-08-19,2014-05-17,ES1
Fran Escribá,Celta de Vigo,940,2019-03-10,2019-11-03,ES1
Carlos Carvalhal,Celta de Vigo,940,2022-11-05,2023-06-04,ES1
Eduardo Berizzo,Celta de Vigo,940,2014-08-24,2017-05-21,ES1
Óscar García,Celta de Vigo,940,2019-11-09,2020-11-06,ES1
Eusebio Di Francesco,US Sassuolo,6574,2012-08-12,2017-05-28,IT1
Roberto De Zerbi,US Sassuolo,6574,2018-08-12,2021-05-23,IT1
Giuseppe Iachini,US Sassuolo,6574,2017-11-29,2018-05-20,IT1
Eusebio Di Francesco,Cagliari Calcio,1390,2020-09-20,2021-02-19,IT1
Rolando Maran,Cagliari Calcio,1390,2018-08-12,2020-03-01,IT1
Claudio Ranieri,Cagliari Calcio,1390,2023-08-12,2023-11-05,IT1
Walter Mazzarri,Cagliari Calcio,1390,2021-09-19,2022-04-30,IT1
Leonardo Semplici,Cagliari Calcio,1390,2021-02-28,2021-09-12,IT1
Eusebio Di Francesco,Hellas Verona,276,2021-08-14,2021-09-13,IT1
Ivan Juric,Hellas Verona,276,2019-08-18,2021-05-23,IT1
Igor Tudor,Hellas Verona,276,2021-09-19,2022-05-21,IT1
Andrea Mandorlini,Hellas Verona,276,2012-08-12,2015-11-29,IT1
Eusebio Di Francesco,Frosinone Calcio,8970,2023-08-11,2023-11-06,IT1
Leonardo Jardim,AS Monaco,162,2014-08-10,2019-12-21,FR1
Claudio Ranieri,AS Monaco,162,2013-08-10,2014-05-17,FR1
Niko Kovac,AS Monaco,162,2020-08-23,2021-12-22,FR1
Philippe Clement,AS Monaco,162,2022-01-09,2023-06-03,FR1
Adi Hütter,AS Monaco,162,2023-08-13,2023-11-05,FR1
Siniša Mihajlović,Torino FC,416,2016-08-13,2018-01-03,IT1
Walter Mazzarri,Torino FC,416,2018-01-06,2020-02-02,IT1
Ivan Juric,Torino FC,416,2021-08-15,2023-11-06,IT1
Marco Giampaolo,Torino FC,416,2020-09-19,2021-01-16,IT1
Davide Nicola,Torino FC,416,2021-01-22,2021-05-23,IT1
Gian Piero Ventura,Torino FC,416,2012-08-18,2016-05-15,IT1
Rolando Maran,Chievo Verona,862,2014-10-26,2018-04-28,IT1
Gian Piero Ventura,Chievo Verona,862,2018-10-21,2018-11-11,IT1
Rolando Maran,Catania FC,1627,2012-08-18,2014-04-06,IT1
Razvan Lucescu,AO Xanthi,128,2014-09-27,2017-04-30,GR1
Georgios Paraschos,AO Xanthi,128,2019-12-14,2020-03-01,GR1
Marinos Ouzounidis,AO Xanthi,128,2012-09-01,2013-04-21,GR1
Milan Rastavac,AO Xanthi,128,2017-08-19,2019-05-05,GR1
Razvan Lucescu,PAOK Thessaloniki,1091,2017-08-17,2023-11-05,GR1
Igor Tudor,PAOK Thessaloniki,1091,2015-07-16,2016-03-06,GR1
Georgios Donis,PAOK Thessaloniki,1091,2012-08-02,2013-04-27,GR1
Abel Ferreira,PAOK Thessaloniki,1091,2019-08-06,2020-10-29,GR1
Huub Stevens,PAOK Thessaloniki,1091,2013-07-30,2014-03-02,GR1
Vladimir Ivic,PAOK Thessaloniki,1091,2016-03-12,2017-05-06,GR1
Eddie Howe,AFC Bournemouth,989,2012-11-03,2020-07-26,GB1
Andoni Iraola,AFC Bournemouth,989,2023-08-12,2023-11-04,GB1
Yuriy Vernydub,Zorya Lugansk,10690,2012-07-14,2019-04-17,UKR1
Viktor Skrypnyk,Zorya Lugansk,10690,2019-07-25,2021-12-12,UKR1
Yuriy Vernydub,Kryvbas Kryvyi Rig,3592,2022-08-23,2023-11-06,UKR1
Ralph Hasenhüttl,FC Ingolstadt 04,4795,2013-12-04,2016-05-14,L1
Ronald Koeman,Feyenoord Rotterdam,234,2012-07-31,2014-05-03,NL1
Dick Advocaat,Feyenoord Rotterdam,234,2019-11-03,2021-05-16,NL1
Giovanni van Bronckhorst,Feyenoord Rotterdam,234,2015-08-08,2019-05-15,NL1
Arne Slot,Feyenoord Rotterdam,234,2021-07-22,2023-11-07,NL1
Neil Lennon,Hibernian FC,903,2016-07-14,2019-01-23,SC1
Felice Mazzù,RSC Charleroi,172,2013-07-26,2023-11-05,BE1
Karim Belhocine,RSC Charleroi,172,2019-07-28,2021-04-17,BE1
Yannick Ferrera,RSC Charleroi,172,2012-07-28,2013-02-09,BE1
Felice Mazzù,Royale Union Saint-Gilloise,3948,2021-07-25,2022-04-10,BE1
Tommy Wright,St. Johnstone FC,2578,2013-07-18,2020-03-07,SC1
Callum Davidson,St. Johnstone FC,2578,2014-03-22,2023-04-15,SC1
Dieter Hecking,1.FC Nuremberg,4,2012-08-19,2023-04-05,L1
Markus Weinzierl,1.FC Nuremberg,4,2022-10-18,2023-02-08,L1
Gertjan Verbeek,1.FC Nuremberg,4,2013-10-25,2014-04-20,L1
Dieter Hecking,VfL Wolfsburg,82,2013-01-19,2016-10-16,L1
Niko Kovac,VfL Wolfsburg,82,2022-07-30,2023-11-05,L1
Bruno Labbadia,VfL Wolfsburg,82,2018-02-23,2019-05-18,L1
Oliver Glasner,VfL Wolfsburg,82,2019-08-12,2021-05-22,L1
Florian Kohfeldt,VfL Wolfsburg,82,2021-10-30,2022-05-14,L1
Mark van Bommel,VfL Wolfsburg,82,2021-08-08,2021-10-23,L1
Martin Schmidt,VfL Wolfsburg,82,2017-09-19,2018-02-17,L1
Dieter Hecking,Hamburger SV,41,2019-08-11,2019-10-29,L1
Markus Gisdol,Hamburger SV,41,2016-10-01,2018-01-20,L1
Bruno Labbadia,Hamburger SV,41,2015-04-19,2016-09-24,L1
Henk Fraser,ADO Den Haag,1268,2014-02-07,2016-05-08,NL1
Dick Advocaat,ADO Den Haag,1268,2023-01-10,2023-03-02,NL1
Alan Pardew,ADO Den Haag,1268,2020-01-19,2020-03-07,NL1
Maurice Steijn,ADO Den Haag,1268,2012-08-12,2014-02-04,NL1
Alfons Groenendijk,ADO Den Haag,1268,2017-02-11,2019-11-30,NL1
Henk Fraser,Sparta Rotterdam,468,2018-09-25,2022-04-22,NL1
Dick Advocaat,Sparta Rotterdam,468,2018-01-16,2018-05-06,NL1
Maurice Steijn,Sparta Rotterdam,468,2022-04-30,2023-05-28,NL1
Alex Pastoor,Sparta Rotterdam,468,2015-09-22,2017-12-17,NL1
Henk Fraser,RKC Waalwijk,235,2023-08-12,2023-11-04,NL1
Ron Jans,PEC Zwolle,1269,2013-08-04,2017-05-14,NL1
John Stegeman,PEC Zwolle,1269,2019-08-02,2021-02-20,NL1
Johnny Jansen,PEC Zwolle,1269,2023-08-12,2023-11-05,NL1
Ron Jans,Twente Enschede FC,317,2020-09-12,2023-05-28,NL1
René Hake,Twente Enschede FC,317,2015-09-12,2017-10-15,NL1
Alfred Schreuder,Twente Enschede FC,317,2013-03-02,2015-08-29,NL1
Gertjan Verbeek,Twente Enschede FC,317,2017-11-05,2018-03-17,NL1
Ron Jans,Standard Liège,3057,2012-07-29,2012-10-21,BE1
Michel Preud'homme,Standard Liège,3057,2018-07-22,2020-03-07,BE1
Philippe Montanier,Standard Liège,3057,2020-08-08,2020-12-26,BE1
Ricardo Sá Pinto,Standard Liège,3057,2017-07-30,2018-03-11,BE1
Ronny Deila,Standard Liège,3057,2022-07-22,2023-04-23,BE1
Yannick Ferrera,Standard Liège,3057,2015-09-13,2016-08-28,BE1
Aleksandar Jankovic,Standard Liège,3057,2016-09-11,2017-03-12,BE1
Bruno Génésio,Stade Rennais FC,273,2021-03-10,2023-11-09,FR1
Philippe Montanier,Stade Rennais FC,273,2013-08-10,2016-01-16,FR1
Christian Gourcuff,Stade Rennais FC,273,2016-08-14,2017-11-03,FR1
Frédéric Antonetti,Stade Rennais FC,273,2012-08-11,2013-05-26,FR1
Julien Stéphan,Stade Rennais FC,273,2018-12-05,2021-02-26,FR1
Javi Gracia,Leeds United,399,2023-02-25,2023-04-30,GB1
Sam Allardyce,Leeds United,399,2023-05-06,2023-05-28,GB1
Marcelo Bielsa,Leeds United,399,2019-01-06,2022-02-26,GB1
Javi Gracia,UD Almería,3302,2012-09-11,2012-11-29,ES1
Gaizka Garitano,UD Almería,3302,2023-10-22,2023-11-05,ES1
Rubi,UD Almería,3302,2021-11-30,2023-06-04,ES1
Francisco Rodríguez,UD Almería,3302,2013-08-19,2014-12-08,ES1
Juan Ignacio Martínez,UD Almería,3302,2014-12-16,2015-04-04,ES1
Vicente Moreno,UD Almería,3302,2023-08-11,2023-09-26,ES1
Niko Kovac,Eintracht Frankfurt,24,2016-03-12,2018-05-19,L1
Adi Hütter,Eintracht Frankfurt,24,2018-08-12,2021-05-22,L1
Oliver Glasner,Eintracht Frankfurt,24,2021-08-08,2023-06-03,L1
Armin Veh,Eintracht Frankfurt,24,2012-08-19,2016-03-05,L1
Petit,Boavista FC,2503,2014-08-17,2023-11-05,PO1
Daniel Ramos,Boavista FC,2503,2020-01-04,2020-07-25,PO1
Jorge Simão,Boavista FC,2503,2017-09-16,2019-01-20,PO1
Lito Vidigal,Boavista FC,2503,2019-02-02,2019-12-14,PO1
Miguel Leal,Boavista FC,2503,2016-10-21,2017-09-10,PO1
João Pedro Sousa,Boavista FC,2503,2021-07-25,2021-11-27,PO1
Vasco Seabra,Boavista FC,2503,2020-09-19,2020-12-06,PO1
Petit,CD Tondela,7179,2015-12-13,2017-01-08,PO1
Pêpa,CD Tondela,7179,2017-01-16,2019-04-19,PO1
Petit,Moreirense FC,979,2017-04-02,2018-05-13,PO1
Pêpa,Moreirense FC,979,2016-08-13,2016-11-06,PO1
Ricardo Sá Pinto,Moreirense FC,979,2022-01-30,2022-05-14,PO1
Ivo Vieira,Moreirense FC,979,2018-07-29,2019-03-17,PO1
Manuel Machado,Moreirense FC,979,2017-07-30,2017-10-28,PO1
Lito Vidigal,Moreirense FC,979,2021-12-12,2022-01-22,PO1
João Henriques,Moreirense FC,979,2021-07-25,2021-11-26,PO1
Ricardo Soares,Moreirense FC,979,2020-01-05,2020-10-31,PO1
Miguel Leal,Moreirense FC,979,2014-08-17,2016-05-15,PO1
Vasco Seabra,Moreirense FC,979,2021-01-09,2021-05-19,PO1
Petit,B SAD,2457,2020-01-18,2021-10-03,PO1
Markus Weinzierl,FC Schalke 04,33,2016-08-20,2017-05-20,L1
Domenico Tedesco,FC Schalke 04,33,2017-08-14,2019-03-12,L1
André Breitenreiter,FC Schalke 04,33,2015-08-08,2016-05-14,L1
David Wagner,FC Schalke 04,33,2019-08-10,2020-09-26,L1
Huub Stevens,FC Schalke 04,33,2012-08-19,2020-12-22,L1
Markus Weinzierl,VfB Stuttgart,79,2018-10-20,2019-04-20,L1
Bruno Labbadia,VfB Stuttgart,79,2012-08-18,2023-04-01,L1
Alexander Zorniger,VfB Stuttgart,79,2015-08-08,2015-11-21,L1
Armin Veh,VfB Stuttgart,79,2014-08-16,2014-11-23,L1
Huub Stevens,VfB Stuttgart,79,2014-03-15,2015-05-23,L1
Pellegrino Matarazzo,VfB Stuttgart,79,2020-02-05,2022-10-09,L1
Sebastian Hoeneß,VfB Stuttgart,79,2023-04-05,2023-11-05,L1
Okan Buruk,Gaziantepspor (- 2020),524,2014-08-31,2015-05-29,TR1
Hikmet Karaman,Gaziantepspor (- 2020),524,2012-08-18,2013-02-03,TR1
Sergen Yalcin,Gaziantepspor (- 2020),524,2013-11-24,2016-05-19,TR1
Ismail Kartal,Gaziantepspor (- 2020),524,2016-08-21,2016-12-04,TR1
Okan Buruk,Akhisarspor,19771,2017-04-01,2018-05-18,TR1
Hamza Hamzaoglu,Akhisarspor,19771,2012-08-17,2014-05-18,TR1
Mustafa Resit Akcay,Akhisarspor,19771,2014-08-29,2014-12-28,TR1
Tolunay Kafkas,Akhisarspor,19771,2016-09-11,2017-03-18,TR1
Okan Buruk,Galatasaray,141,2022-08-07,2023-11-08,TR1
Hamza Hamzaoglu,Galatasaray,141,2014-12-06,2015-11-07,TR1
Igor Tudor,Galatasaray,141,2017-02-18,2017-12-17,TR1
Roberto Mancini,Galatasaray,141,2013-10-02,2014-05-17,TR1
Fatih Terim,Galatasaray,141,2012-08-20,2022-01-08,TR1
Okan Buruk,Elazigspor,2292,2013-11-03,2014-05-17,TR1
Georgios Paraschos,APO Levadiakos,2672,2012-08-25,2013-03-16,GR1
Apostolos Mantzios,APO Levadiakos,2672,2015-02-15,2018-10-21,GR1
Giannis Petrakis,APO Levadiakos,2672,2023-02-20,2023-03-12,GR1
Savvas Pantelidis,APO Levadiakos,2672,2014-02-15,2015-02-07,GR1
Georgios Paraschos,AO Platanias,21957,2015-03-18,2017-10-29,GR1
Marinos Ouzounidis,AO Platanias,21957,2013-08-17,2013-11-02,GR1
Georgios Paraschos,Asteras Tripolis,6676,2018-11-24,2019-05-05,GR1
Apostolos Mantzios,Asteras Tripolis,6676,2023-01-04,2023-03-12,GR1
Savvas Pantelidis,Asteras Tripolis,6676,2017-09-16,2018-11-11,GR1
Makis Chavos,Asteras Tripolis,6676,2016-03-07,2016-09-25,GR1
Milan Rastavac,Asteras Tripolis,6676,2019-12-08,2023-11-05,GR1
Staikos Vergetis,Asteras Tripolis,6676,2013-10-05,2017-09-09,GR1
Georgios Paraschos,Atromitos Athens,3060,2013-04-14,2021-12-18,GR1
Giannis Anastasiou,Atromitos Athens,3060,2019-07-25,2019-11-10,GR1
Michalis Grigoriou,Atromitos Athens,3060,2015-07-30,2015-11-02,GR1
Ricardo Sá Pinto,Atromitos Athens,3060,2014-09-27,2017-04-30,GR1
Savvas Pantelidis,Atromitos Athens,3060,2019-12-08,2021-03-14,GR1
Traianos Dellas,Atromitos Athens,3060,2015-11-07,2016-09-18,GR1
Damir Canadi,Atromitos Athens,3060,2017-08-21,2021-02-03,GR1
Georgios Paraschos,Apollon Smyrnis,441,2017-12-16,2021-03-14,GR1
Apostolos Mantzios,Apollon Smyrnis,441,2017-08-21,2017-09-23,GR1
Giannis Petrakis,Apollon Smyrnis,441,2021-09-11,2021-09-22,GR1
Giannis Matzourakis,Apollon Smyrnis,441,2018-10-07,2018-11-24,GR1
Philippe Clement,SK Beveren,28643,2017-07-29,2017-12-16,BE1
Yannick Ferrera,SK Beveren,28643,2018-07-28,2018-11-10,BE1
Philippe Clement,Club Brugge KV,2282,2012-11-08,2021-12-26,BE1
Michel Preud'homme,Club Brugge KV,2282,2013-09-28,2017-03-12,BE1
Ronny Deila,Club Brugge KV,2282,2023-07-27,2023-11-05,BE1
Ivan Leko,Club Brugge KV,2282,2017-07-26,2019-03-17,BE1
Alfred Schreuder,Club Brugge KV,2282,2022-01-15,2022-04-10,BE1
Philippe Clement,Rangers FC,124,2023-10-21,2023-11-09,SC1
Giovanni van Bronckhorst,Rangers FC,124,2021-11-25,2022-11-12,SC1
Steven Gerrard,Rangers FC,124,2018-07-12,2021-11-07,SC1
Jocelyn Gourvennec,EA Guingamp,855,2013-08-11,2019-05-24,FR1
Antoine Kombouaré,EA Guingamp,855,2016-08-12,2018-11-04,FR1
Jocelyn Gourvennec,FC Girondins Bordeaux,40,2016-08-13,2018-01-16,FR1
Paulo Sousa,FC Girondins Bordeaux,40,2019-03-17,2020-03-08,FR1
Gustavo Poyet,FC Girondins Bordeaux,40,2018-01-28,2018-08-16,FR1
David Guion,FC Girondins Bordeaux,40,2022-02-20,2022-05-21,FR1
Jean-Louis Gasset,FC Girondins Bordeaux,40,2020-08-21,2021-05-23,FR1
Vladimir Petkovic,FC Girondins Bordeaux,40,2021-08-08,2022-02-06,FR1
Hamza Hamzaoglu,Bursaspor,20,2015-12-19,2017-01-21,TR1
Senol Günes,Bursaspor,20,2014-07-17,2015-05-30,TR1
Hikmet Karaman,Bursaspor,20,2013-02-09,2013-08-08,TR1
Samet Aybaba,Bursaspor,20,2018-08-11,2019-04-06,TR1
Mesut Bakkal,Bursaspor,20,2019-04-12,2019-05-26,TR1
Ertugrul Saglam,Bursaspor,20,2012-08-02,2015-11-27,TR1
Hamza Hamzaoglu,Genclerbirligi Ankara,820,2019-11-02,2020-07-25,TR1
Mehmet Özdilek,Genclerbirligi Ankara,820,2013-10-26,2015-12-13,TR1
Mesut Bakkal,Genclerbirligi Ankara,820,2015-02-22,2017-11-19,TR1
Hamza Hamzaoglu,Yeni Malatyaspor,19789,2020-09-12,2021-02-20,TR1
Hikmet Karaman,Yeni Malatyaspor,19789,2020-03-07,2020-07-25,TR1
Erol Bulut,Yeni Malatyaspor,19789,2017-10-01,2019-04-20,TR1
Sergen Yalcin,Yeni Malatyaspor,19789,2019-07-25,2019-12-29,TR1
Marius Sumudica,Yeni Malatyaspor,19789,2021-10-16,2022-02-05,TR1
Kemal Özdes,Yeni Malatyaspor,19789,2020-02-02,2020-03-01,TR1
Ertugrul Saglam,Yeni Malatyaspor,19789,2017-08-13,2017-09-11,TR1
Hamza Hamzaoglu,Kayserispor,3205,2021-04-03,2021-04-24,TR1
Hikmet Karaman,Kayserispor,3205,2018-12-10,2022-05-21,TR1
Sergen Yalcin,Kayserispor,3205,2017-01-14,2017-04-22,TR1
Samet Aybaba,Kayserispor,3205,2019-10-20,2021-01-03,TR1
Mesut Bakkal,Kayserispor,3205,2017-04-29,2017-06-03,TR1
Tolunay Kafkas,Kayserispor,3205,2015-08-16,2016-02-26,TR1
Marius Sumudica,Kayserispor,3205,2017-08-14,2018-05-14,TR1
Shota Arveladze,Kayserispor,3205,2012-08-19,2012-09-30,TR1
Ertugrul Saglam,Kayserispor,3205,2018-05-18,2018-12-01,TR1
Hamza Hamzaoglu,Ankaraspor,2944,2017-04-02,2017-06-03,TR1
Mustafa Resit Akcay,Ankaraspor,2944,2015-08-16,2017-03-18,TR1
Hamza Hamzaoglu,Erzurumspor FK,39722,2019-03-10,2019-05-26,TR1
Mehmet Özdilek,Erzurumspor FK,39722,2018-10-06,2020-11-29,TR1
Mesut Bakkal,Erzurumspor FK,39722,2020-12-27,2021-03-21,TR1
Roberto De Zerbi,Brighton & Hove Albion,1237,2022-10-01,2023-11-09,GB1
Graham Potter,Brighton & Hove Albion,1237,2019-08-10,2022-09-04,GB1
Chris Hughton,Brighton & Hove Albion,1237,2015-01-03,2019-05-12,GB1
Óscar García,Brighton & Hove Albion,1237,2014-01-04,2014-02-24,GB1
Roberto De Zerbi,Benevento Calcio,4171,2017-10-25,2018-05-20,IT1
Filippo Inzaghi,Benevento Calcio,4171,2019-08-11,2021-05-23,IT1
Antoine Kombouaré,RC Lens,826,2014-08-09,2015-05-23,FR1
Franck Haise,RC Lens,826,2020-08-23,2023-11-08,FR1
Antoine Kombouaré,FC Toulouse,415,2019-10-19,2019-12-21,FR1
Philippe Montanier,FC Toulouse,415,2022-08-07,2023-06-03,FR1
Pascal Dupraz,FC Toulouse,415,2016-03-06,2018-01-20,FR1
Alain Casanova,FC Toulouse,415,2012-08-10,2019-10-05,FR1
Antoine Kombouaré,Dijon FCO,2969,2019-01-13,2019-05-24,FR1
Olivier Dall'Oglio,Dijon FCO,2969,2016-08-13,2018-12-22,FR1
Sergio,Real Valladolid CF,366,2018-09-27,2021-05-22,ES1
Rubi,Real Valladolid CF,366,2014-09-10,2014-12-18,ES1
Juan Ignacio Martínez,Real Valladolid CF,366,2013-08-17,2014-05-18,ES1
Miroslav Djukic,Real Valladolid CF,366,2012-08-20,2013-06-01,ES1
Sergio,Cádiz CF,2687,2022-01-15,2023-11-06,ES1
Yves Vanderhaeghe,KV Oostende,2861,2015-07-25,2022-10-29,BE1
Yves Vanderhaeghe,Cercle Brugge,520,2021-02-06,2021-11-27,BE1
Apostolos Mantzios,Aris Thessaloniki,605,2020-09-27,2023-11-05,GR1
Alan Pardew,Aris Thessaloniki,605,2022-09-18,2023-02-04,GR1
Savvas Pantelidis,Aris Thessaloniki,605,2018-11-25,2019-08-31,GR1
Lucas Alcaraz,Aris Thessaloniki,605,2012-12-09,2013-01-28,GR1
Apostolos Mantzios,AOK Kerkyra,5219,2012-08-26,2013-02-03,GR1
Michalis Grigoriou,AOK Kerkyra,5219,2013-09-18,2017-04-09,GR1
Giannis Matzourakis,AOK Kerkyra,5219,2018-01-27,2018-05-05,GR1
Apostolos Mantzios,Panthrakikos Komotini,7185,2013-08-18,2014-11-02,GR1
Savvas Pantelidis,Panthrakikos Komotini,7185,2012-08-26,2012-10-27,GR1
Apostolos Mantzios,Panionios Athens,169,2018-12-10,2019-09-01,GR1
Michalis Grigoriou,Panionios Athens,169,2017-07-13,2018-05-06,GR1
Marinos Ouzounidis,Panionios Athens,169,2014-12-14,2016-04-17,GR1
Apostolos Mantzios,PAS Lamia 1964,3999,2019-10-28,2020-03-01,GR1
Michalis Grigoriou,PAS Lamia 1964,3999,2021-01-04,2022-02-28,GR1
Savvas Pantelidis,PAS Lamia 1964,3999,2022-12-14,2023-02-13,GR1
Makis Chavos,PAS Lamia 1964,3999,2018-09-16,2019-05-04,GR1
Giannis Petrakis,GS Ergotelis,5220,2013-08-17,2014-01-11,GR1
Marinos Ouzounidis,GS Ergotelis,5220,2014-01-27,2014-04-13,GR1
Giannis Matzourakis,GS Ergotelis,5220,2015-02-14,2015-02-23,GR1
Giannis Petrakis,PAS Giannina,2671,2014-02-01,2019-05-05,GR1
Savvas Pantelidis,PAS Giannina,2671,2013-08-18,2013-10-27,GR1
Giannis Petrakis,Panetolikos GFS,6418,2023-10-08,2023-11-05,GR1
Giannis Anastasiou,Panetolikos GFS,6418,2021-09-11,2023-03-12,GR1
Makis Chavos,Panetolikos GFS,6418,2013-08-18,2020-10-26,GR1
Luís Castro,Panetolikos GFS,6418,2019-08-25,2019-10-07,GR1
Giannis Matzourakis,Panetolikos GFS,6418,2015-10-18,2017-01-15,GR1
Traianos Dellas,Panetolikos GFS,6418,2018-01-14,2021-03-14,GR1
Giannis Petrakis,OFI Crete FC,653,2013-01-07,2013-04-21,GR1
Gennaro Gattuso,OFI Crete FC,653,2014-08-23,2014-12-20,GR1
Ricardo Sá Pinto,OFI Crete FC,653,2013-10-20,2014-04-16,GR1
Hikmet Karaman,Kayseri Erciyesspor,6894,2013-12-23,2014-05-17,TR1
Mehmet Özdilek,Kayseri Erciyesspor,6894,2015-01-25,2015-03-21,TR1
Bülent Korkmaz,Kayseri Erciyesspor,6894,2014-08-31,2014-11-23,TR1
Hikmet Karaman,Alanyaspor,11282,2018-01-19,2018-02-24,TR1
Ersun Yanal,Alanyaspor,11282,2023-03-03,2023-04-18,TR1
Erol Bulut,Alanyaspor,11282,2019-08-17,2020-07-25,TR1
Sergen Yalcin,Alanyaspor,11282,2018-11-24,2019-05-24,TR1
Mesut Bakkal,Alanyaspor,11282,2018-03-04,2018-11-04,TR1
Bülent Korkmaz,Alanyaspor,11282,2021-09-13,2021-12-26,TR1
Ömer Erdogan,Alanyaspor,11282,2023-04-28,2023-06-03,TR1
Hikmet Karaman,MKE Ankaragücü,868,2021-02-13,2021-05-15,TR1
Mustafa Resit Akcay,MKE Ankaragücü,868,2020-02-02,2020-06-19,TR1
Tolunay Kafkas,MKE Ankaragücü,868,2023-04-01,2023-09-30,TR1
Ismail Kartal,MKE Ankaragücü,868,2018-08-10,2018-12-15,TR1
Ömer Erdogan,MKE Ankaragücü,868,2022-09-04,2023-02-04,TR1
Alan Pardew,Crystal Palace,873,2015-01-04,2016-12-17,GB1
Sam Allardyce,Crystal Palace,873,2016-12-26,2017-05-21,GB1
Frank de Boer,Crystal Palace,873,2017-08-12,2017-09-10,GB1
Roy Hodgson,Crystal Palace,873,2017-09-16,2023-11-04,GB1
Tony Pulis,Crystal Palace,873,2013-11-30,2014-05-11,GB1
Patrick Vieira,Crystal Palace,873,2021-08-14,2023-03-15,GB1
Alan Pardew,West Bromwich Albion,984,2017-12-02,2018-03-31,GB1
Sam Allardyce,West Bromwich Albion,984,2020-12-20,2021-05-23,GB1
Slaven Bilic,West Bromwich Albion,984,2020-01-05,2020-12-15,GB1
Tony Pulis,West Bromwich Albion,984,2015-01-03,2017-11-18,GB1
Steve Bruce,West Bromwich Albion,984,2022-08-11,2022-08-23,GB1
Pepe Mel,West Bromwich Albion,984,2014-01-20,2014-05-11,GB1
Steve Clarke,West Bromwich Albion,984,2012-08-18,2013-12-14,GB1
Ersun Yanal,Eskisehirspor,825,2012-07-19,2013-05-19,TR1
Samet Aybaba,Eskisehirspor,825,2015-11-22,2016-05-19,TR1
Ismail Kartal,Eskisehirspor,825,2015-10-18,2015-11-06,TR1
Ertugrul Saglam,Eskisehirspor,825,2013-08-18,2015-01-04,TR1
Giannis Anastasiou,Panathinaikos Athens,265,2013-08-18,2015-11-01,GR1
Marinos Ouzounidis,Panathinaikos Athens,265,2016-12-04,2018-05-07,GR1
Andrea Stramaccioni,Panathinaikos Athens,265,2015-11-28,2016-11-30,GR1
Georgios Donis,Panathinaikos Athens,265,2018-08-26,2020-03-01,GR1
László Bölöni,Panathinaikos Athens,265,2020-10-24,2021-03-14,GR1
Giannis Anastasiou,Roda JC Kerkrade,192,2016-08-07,2017-05-14,NL1
Jurgen Streppel,Roda JC Kerkrade,192,2020-10-28,2022-10-18,NL1
Giannis Anastasiou,AE Kifisias,30120,2023-08-19,2023-11-04,GR1
Ivan Juric,FC Crotone,4083,2015-08-09,2015-12-01,IT1
Davide Nicola,FC Crotone,4083,2016-08-14,2017-12-04,IT1
Pepe Bordalás,Getafe CF,3709,2017-08-20,2023-11-06,ES1
Fran Escribá,Getafe CF,3709,2015-08-22,2016-04-10,ES1
Michel,Getafe CF,3709,2021-08-13,2021-10-03,ES1
Quique Sánchez Flores,Getafe CF,3709,2015-01-07,2023-04-26,ES1
Luis García,Getafe CF,3709,2012-08-18,2014-03-08,ES1
Fran Escribá,Elche CF,1531,2012-09-12,2021-11-21,ES1
Francisco Rodríguez,Elche CF,1531,2021-12-02,2022-10-03,ES1
Pablo Machín,Elche CF,1531,2022-12-20,2023-03-19,ES1
Glen Riddersholm,Aarhus GF,678,2016-02-26,2017-09-29,DK1
David Nielsen,Aarhus GF,678,2017-10-16,2022-03-20,DK1
Peter Sörensen,Aarhus GF,678,2012-07-13,2014-02-26,DK1
Uwe Rösler,Aarhus GF,678,2022-07-17,2023-11-06,DK1
Glen Riddersholm,SönderjyskE,5817,2019-02-09,2021-05-13,DK1
Lars Söndergaard,SönderjyskE,5817,2012-07-14,2015-06-07,DK1
Jakob Michelsen,SönderjyskE,5817,2015-07-17,2016-12-09,DK1
Slaven Bilic,Lokomotiv Moscow,932,2012-07-20,2013-05-26,RU1
Markus Gisdol,Lokomotiv Moscow,932,2021-10-16,2021-12-12,RU1
Miodrag Bozovic,Lokomotiv Moscow,932,2014-10-18,2015-05-10,RU1
Yuri Semin,Lokomotiv Moscow,932,2016-08-28,2020-03-15,RU1
Leonid Kuchuk,Lokomotiv Moscow,932,2013-07-14,2014-09-13,RU1
Igor Cherevchenko,Lokomotiv Moscow,932,2014-09-21,2016-08-07,RU1
Marko Nikolic,Lokomotiv Moscow,932,2020-06-21,2021-10-03,RU1
Peter Maes,KSC Lokeren (- 2020),498,2012-07-22,2018-10-27,BE1
Peter Maes,Sint-Truidense VV,475,2020-12-12,2021-04-18,BE1
Marc Brys,Sint-Truidense VV,475,2018-07-28,2019-11-24,BE1
Ivan Leko,Sint-Truidense VV,475,2016-07-30,2017-03-12,BE1
Yannick Ferrera,Sint-Truidense VV,475,2015-07-24,2015-08-29,BE1
Peter Maes,Beerschot V.A.,41274,2021-07-27,2021-09-13,BE1
Roberto Donadoni,Parma Calcio 1913,130,2012-08-25,2015-05-31,IT1
Roberto D'Aversa,Parma Calcio 1913,130,2017-08-06,2021-05-22,IT1
Volodymyr Sharan,FK Oleksandriya,18303,2013-08-07,2021-05-09,UKR1
Volodymyr Sharan,FK Minaj,61825,2022-08-29,2023-11-05,UKR1
Quique Setién,UD Las Palmas,472,2015-10-25,2017-05-20,ES1
Paco Jémez,UD Las Palmas,472,2018-01-03,2018-05-19,ES1
Mark Hughes,Queens Park Rangers,1039,2012-08-18,2012-11-17,GB1
Mark Hughes,Stoke City,512,2013-08-17,2018-01-06,GB1
Tony Pulis,Stoke City,512,2012-08-18,2013-05-19,GB1
Paul Lambert,Stoke City,512,2018-01-20,2018-05-13,GB1
Valeriy Karpin,FK Rostov,1083,2018-03-03,2023-11-06,RU1
Miodrag Bozovic,FK Rostov,1083,2012-07-21,2014-09-24,RU1
Yuri Semin,FK Rostov,1083,2021-08-08,2021-09-22,RU1
Kurban Berdyev,FK Rostov,1083,2015-03-08,2016-08-03,RU1
Leonid Kuchuk,FK Rostov,1083,2017-07-15,2017-12-02,RU1
Michalis Grigoriou,AE Larisa,4603,2019-08-25,2020-11-22,GR1
Michalis Grigoriou,Panserraikos,3385,2012-10-25,2012-12-23,GR1
Michalis Grigoriou,Ionikos Nikeas,553,2023-01-30,2023-03-12,GR1
Marinos Ouzounidis,AEK Athens,2441,2018-08-08,2019-02-03,GR1
Manolo Jiménez,AEK Athens,2441,2017-01-22,2021-04-29,GR1
Massimo Carrera,AEK Athens,2441,2019-12-14,2020-12-21,GR1
Gustavo Poyet,AEK Athens,2441,2015-11-01,2016-04-17,GR1
Traianos Dellas,AEK Athens,2441,2013-04-14,2015-10-17,GR1
Stéphane Moulin,Angers SCO,1420,2015-08-08,2021-05-23,FR1
Marco Giampaolo,Brescia Calcio,19,2013-08-11,2013-08-17,IT1
Markus Gisdol,1.FC Köln,3,2019-11-23,2021-04-11,L1
Peter Stöger,1.FC Köln,3,2013-08-03,2017-12-02,L1
Steffen Baumgart,1.FC Köln,3,2021-08-08,2023-11-04,L1
Markus Gisdol,Samsunspor,152,2023-10-22,2023-11-08,TR1
Miodrag Bozovic,Arsenal Tula,3729,2017-07-18,2022-05-21,RU1
Oleg Kononov,Arsenal Tula,3729,2018-07-29,2022-10-05,RU1
Dmitriy Parfenov,Arsenal Tula,3729,2020-11-07,2021-08-26,RU1
Igor Cherevchenko,Arsenal Tula,3729,2018-11-25,2020-07-01,RU1
Dmitriy Alenichev,Arsenal Tula,3729,2012-07-11,2015-05-30,RU1
Miodrag Bozovic,Krylya Sovetov Samara,2696,2018-10-20,2020-06-26,RU1
Gadzhi Gadzhiev,Krylya Sovetov Samara,2696,2013-03-09,2013-08-04,RU1
Andrey Talalaev,Krylya Sovetov Samara,2696,2020-06-30,2020-07-15,RU1
Igor Osinjkin,Krylya Sovetov Samara,2696,2020-08-26,2023-11-05,RU1
Frank Vercauteren,Krylya Sovetov Samara,2696,2014-08-30,2016-10-31,RU1
Urs Fischer,1.FC Union Berlin,89,2018-08-19,2023-11-08,L1
Oleg Kononov,FK Sevastopol (- 2014),16245,2012-08-22,2013-08-09,UKR1
Oleg Kononov,Akhmat Grozny,3725,2017-07-16,2017-10-30,RU1
Rashid Rakhimov,Akhmat Grozny,3725,2013-11-10,2019-09-30,RU1
Stanislav Cherchesov,Akhmat Grozny,3725,2012-07-22,2013-05-26,RU1
Andrey Talalaev,Akhmat Grozny,3725,2020-08-09,2022-09-10,RU1
Igor Shalimov,Akhmat Grozny,3725,2019-10-05,2020-07-22,RU1
Sergey Tashuev,Akhmat Grozny,3725,2022-09-29,2023-08-14,RU1
Igor Tudor,Kardemir Karabükspor,1506,2016-08-22,2017-02-10,TR1
Mesut Bakkal,Kardemir Karabükspor,1506,2012-11-10,2013-05-05,TR1
Tolunay Kafkas,Kardemir Karabükspor,1506,2013-08-17,2015-02-22,TR1
Ünal Karaman,Kardemir Karabükspor,1506,2018-03-30,2018-05-18,TR1
Igor Tudor,Udinese Calcio,410,2018-04-29,2019-10-30,IT1
Davide Nicola,Udinese Calcio,410,2018-11-24,2019-03-17,IT1
Giuseppe Iachini,Udinese Calcio,410,2016-08-13,2016-10-01,IT1
Stefano Colantuono,Udinese Calcio,410,2015-08-16,2016-03-13,IT1
Andrea Stramaccioni,Udinese Calcio,410,2014-08-24,2015-05-31,IT1
Julio Velázquez,Udinese Calcio,410,2018-08-11,2018-11-11,IT1
Francesco Guidolin,Udinese Calcio,410,2012-08-22,2014-05-17,IT1
Luca Gotti,Udinese Calcio,410,2019-10-20,2021-12-06,IT1
Ole Gunnar Solskjaer,Cardiff City,603,2014-01-04,2014-05-11,GB1
Erol Bulut,Cardiff City,603,2023-08-09,2023-09-27,GB1
Pál Dárdai,Hertha BSC,44,2015-02-07,2023-11-01,L1
Bruno Labbadia,Hertha BSC,44,2020-05-16,2021-01-23,L1
Sandro Schwarz,Hertha BSC,44,2022-07-31,2023-04-14,L1
Kasper Hjulmand,FC Nordsjaelland,2778,2012-07-16,2019-03-17,DK1
Ólafur Helgi Kristjánsson,FC Nordsjaelland,2778,2014-07-18,2015-12-06,DK1
Paco Jémez,Granada CF,16795,2016-08-20,2016-10-15,ES1
Diego Martínez,Granada CF,16795,2018-09-13,2021-05-23,ES1
Paco López,Granada CF,16795,2022-11-13,2023-11-05,ES1
Lucas Alcaraz,Granada CF,16795,2013-02-02,2017-04-09,ES1
Joaquín Caparrós,Granada CF,16795,2014-08-23,2015-01-14,ES1
Paco Jémez,Rayo Vallecano,367,2012-08-20,2020-01-29,ES1
Francisco Rodríguez,Rayo Vallecano,367,2023-08-11,2023-11-05,ES1
Andoni Iraola,Rayo Vallecano,367,2020-12-17,2023-06-04,ES1
Míchel,Rayo Vallecano,367,2017-09-06,2019-03-17,ES1
Viktor Skrypnyk,SV Werder Bremen,86,2014-10-28,2016-09-17,L1
Florian Kohfeldt,SV Werder Bremen,86,2017-11-03,2021-05-15,L1
Viktor Skrypnyk,Vorskla Poltava,2740,2022-07-21,2023-11-05,UKR1
Vasyl Sachko,Vorskla Poltava,2740,2014-07-27,2019-03-18,UKR1
Yuriy Maksymov,Vorskla Poltava,2740,2019-11-23,2021-12-11,UKR1
Niels Frederiksen,Bröndby IF,206,2019-07-11,2022-11-13,DK1
Thomas Frank,Bröndby IF,206,2013-07-21,2016-03-06,DK1
Alexander Zorniger,Bröndby IF,206,2016-06-30,2019-02-17,DK1
Pêpa,CD Feirense,3349,2015-08-02,2016-01-27,PO1
José Mota,CD Feirense,3349,2016-08-15,2016-12-19,PO1
Nuno Manta Santos,CD Feirense,3349,2016-12-22,2019-02-02,PO1
Thomas Frank,Brentford FC,1148,2019-01-05,2023-11-04,GB1
Dean Smith,Brentford FC,1148,2016-01-09,2018-01-06,GB1
Uwe Rösler,Brentford FC,1148,2012-11-03,2013-11-09,GB1
Roman Grygorchuk,Chornomorets Odessa,6992,2012-07-14,2023-11-05,UKR1
Oleksandr Babych,Chornomorets Odessa,6992,2015-02-27,2017-08-19,UKR1
Vladimir Fedotov,FC Sochi,41231,2020-03-01,2022-05-21,RU1
Kurban Berdyev,FC Sochi,41231,2023-03-05,2023-04-09,RU1
Vladimir Fedotov,FK Orenburg,14589,2017-08-23,2019-12-07,RU1
Pascal Dupraz,Thonon Évian Grand Genève FC,14171,2012-09-15,2015-05-23,FR1
Carlos Carvalhal,Swansea City,2288,2017-12-30,2018-05-13,GB1
Graham Potter,Swansea City,2288,2019-01-05,2019-03-16,GB1
Francesco Guidolin,Swansea City,2288,2016-01-24,2016-10-01,GB1
Stephen Robinson,St. Mirren FC,465,2022-02-26,2023-11-08,SC1
Jim Goodwin,St. Mirren FC,465,2019-08-03,2022-02-12,SC1
Stephen Robinson,Motherwell FC,987,2017-03-04,2020-12-30,SC1
Stuart McCall,Motherwell FC,987,2012-07-31,2014-10-31,SC1
Yuri Semin,Anzhi Makhachkala ( -2022),2700,2015-07-19,2015-09-26,RU1
Gadzhi Gadzhiev,Anzhi Makhachkala ( -2022),2700,2013-08-17,2014-05-15,RU1
Sergey Tashuev,Anzhi Makhachkala ( -2022),2700,2014-08-30,2014-09-24,RU1
Yuri Semin,Mordovia Saransk (-2020),11126,2014-08-02,2015-05-30,RU1
Yuriy Maksymov,Mordovia Saransk (-2020),11126,2013-08-31,2014-03-01,RU1
Alan Archibald,Partick Thistle FC,2760,2013-08-02,2018-04-07,SC1
Thomas Thomasberg,Randers FC,5724,2018-07-16,2023-03-19,DK1
Colin Todd,Randers FC,5724,2012-07-14,2016-05-29,DK1
Ólafur Helgi Kristjánsson,Randers FC,5724,2016-07-18,2017-09-29,DK1
Thomas Thomasberg,Hobro IK,5818,2017-07-16,2018-04-12,DK1
Peter Sörensen,Hobro IK,5818,2019-02-24,2020-10-07,DK1
Tony Pulis,Middlesbrough FC,641,2018-01-06,2019-02-05,GB1
Ricardo Sá Pinto,CF Os Belenenses,68608,2015-07-30,2015-12-14,PO1
Jorge Simão,CF Os Belenenses,68608,2015-03-22,2015-05-23,PO1
Lito Vidigal,CF Os Belenenses,68608,2014-03-09,2015-03-14,PO1
Julio Velázquez,CF Os Belenenses,68608,2015-12-21,2016-10-01,PO1
Mitchell van der Gaag,CF Os Belenenses,68608,2012-07-29,2013-10-05,PO1
Ricardo Sá Pinto,Gaziantep FK,2832,2021-01-24,2021-05-15,TR1
Erol Bulut,Gaziantep FK,2832,2021-08-14,2023-01-22,TR1
Marius Sumudica,Gaziantep FK,2832,2019-08-19,2023-11-06,TR1
Paulo Sousa,US Salernitana 1919,380,2023-02-19,2023-10-08,IT1
Davide Nicola,US Salernitana 1919,380,2022-02-19,2023-02-13,IT1
Gian Piero Ventura,US Salernitana 1919,380,2019-08-10,2019-08-17,IT1
Stefano Colantuono,US Salernitana 1919,380,2018-08-05,2022-02-13,IT1
Filippo Inzaghi,US Salernitana 1919,380,2023-10-22,2023-11-04,IT1
Daniel Ramos,CD Santa Clara,2423,2016-07-30,2021-10-02,PO1
Jorge Simão,CD Santa Clara,2423,2023-01-13,2023-03-05,PO1
João Henriques,CD Santa Clara,2423,2018-07-28,2020-07-24,PO1
Daniel Ramos,FC Famalicão,3329,2015-09-23,2016-01-27,PO1
Ivo Vieira,FC Famalicão,3329,2021-03-15,2021-12-17,PO1
João Pedro Sousa,FC Famalicão,3329,2019-08-03,2023-11-04,PO1
Daniel Ramos,FC Arouca,8024,2023-07-30,2023-11-06,PO1
Manuel Machado,FC Arouca,8024,2017-02-18,2017-03-19,PO1
Lito Vidigal,FC Arouca,8024,2015-08-16,2017-02-10,PO1
Pedro Emanuel,FC Arouca,8024,2013-08-18,2015-05-23,PO1
Miguel Leal,FC Arouca,8024,2018-07-22,2018-07-29,PO1
Daniel Ramos,GD Chaves,3325,2018-07-29,2018-12-08,PO1
Luís Castro,GD Chaves,3325,2017-08-10,2018-05-11,PO1
Jorge Simão,GD Chaves,3325,2016-08-20,2016-12-10,PO1
José Mota,GD Chaves,3325,2019-04-06,2019-11-16,PO1
Ricardo Soares,GD Chaves,3325,2016-12-22,2017-05-21,PO1
Erwin van de Looi,FC Groningen,202,2013-02-09,2016-05-08,NL1
Danny Buijs,FC Groningen,202,2018-08-12,2022-05-15,NL1
Frank Wormuth,FC Groningen,202,2022-08-07,2022-11-13,NL1
Ernest Faber,FC Groningen,202,2016-08-07,2018-05-06,NL1
Erwin van de Looi,Willem II Tilburg,403,2016-08-06,2018-03-03,NL1
Jurgen Streppel,Willem II Tilburg,403,2012-08-10,2016-05-08,NL1
Adrie Koster,Willem II Tilburg,403,2018-08-11,2021-01-22,NL1
Maurice Steijn,VVV-Venlo,1426,2014-09-23,2019-05-15,NL1
Savvas Pantelidis,Iraklis Thessaloniki,47,2016-11-07,2017-04-30,GR1
Thierry Laurey,RC Strasbourg Alsace,667,2017-08-05,2021-05-23,FR1
Patrick Vieira,RC Strasbourg Alsace,667,2023-08-13,2023-11-05,FR1
Frédéric Antonetti,RC Strasbourg Alsace,667,2023-02-18,2023-06-03,FR1
Julien Stéphan,RC Strasbourg Alsace,667,2021-08-08,2023-01-02,FR1
Thierry Laurey,GFC Ajaccio,3558,2015-08-08,2016-05-14,FR1
Jurgen Streppel,SC Heerenveen,306,2016-08-07,2018-05-06,NL1
Johnny Jansen,SC Heerenveen,306,2019-01-20,2022-01-22,NL1
Ivo Vieira,Gil Vicente FC,2424,2022-08-03,2022-10-30,PO1
José Mota,Gil Vicente FC,2424,2014-09-14,2015-05-23,PO1
Ricardo Soares,Gil Vicente FC,2424,2020-11-29,2022-05-15,PO1
Ivo Vieira,Pendikspor,3209,2023-10-21,2023-11-04,TR1
René Hake,SC Cambuur Leeuwarden,133,2018-09-25,2018-10-30,NL1
Henk de Jong,SC Cambuur Leeuwarden,133,2014-04-02,2023-11-02,NL1
Sjors Ultee,SC Cambuur Leeuwarden,133,2023-01-08,2023-05-28,NL1
Florian Kohfeldt,KAS Eupen,1245,2023-07-29,2023-11-03,BE1
Jorge Simão,Royal Excel Mouscron (-2022),29228,2020-11-22,2021-04-18,BE1
Roberto Martínez,Wigan Athletic,1071,2012-08-19,2013-05-19,GB1
Uwe Rösler,Wigan Athletic,1071,2013-12-12,2014-04-12,GB1
Davide Nicola,US Livorno 1915,1210,2012-08-12,2014-05-18,IT1
Manuel Machado,CD Nacional,982,2012-10-28,2021-05-19,PO1
David Nielsen,Lyngby BK,369,2015-08-12,2017-09-24,DK1
Lito Vidigal,Vitória Setúbal FC,1085,2018-08-11,2020-07-26,PO1
José Mota,Vitória Setúbal FC,1085,2012-08-19,2013-10-05,PO1
José Couceiro,Vitória Setúbal FC,1085,2013-10-12,2018-05-13,PO1
Julio Velázquez,Vitória Setúbal FC,1085,2019-12-01,2020-06-30,PO1
Lito Vidigal,Desportivo Aves (- 2020),3336,2017-10-22,2018-01-21,PO1
José Mota,Desportivo Aves (- 2020),3336,2018-01-30,2019-01-11,PO1
Ricardo Soares,Desportivo Aves (- 2020),3336,2017-07-30,2017-09-30,PO1
Nuno Manta Santos,Desportivo Aves (- 2020),3336,2019-11-30,2020-07-26,PO1
Christophe Pélissier,Amiens SC,1416,2017-08-05,2019-05-24,FR1
Christophe Pélissier,FC Lorient,1158,2020-08-23,2022-05-21,FR1
Christian Gourcuff,FC Lorient,1158,2012-08-11,2014-05-17,FR1
Franck Haise,FC Lorient,1158,2016-10-29,2016-11-05,FR1
Christophe Pélissier,AJ Auxerre,290,2022-10-30,2023-06-03,FR1
Gadzhi Gadzhiev,Amkar Perm,4128,2015-03-09,2018-02-27,RU1
Stanislav Cherchesov,Amkar Perm,4128,2013-07-16,2014-04-05,RU1
Gadzhi Gadzhiev,Volga Nizhniy Novgorod (- 2016),12438,2012-07-21,2012-12-08,RU1
Andrey Talalaev,Volga Nizhniy Novgorod (- 2016),12438,2014-03-31,2015-09-23,RU1
Peter Sörensen,Vejle Boldklub,443,2021-08-29,2022-03-13,DK1
Gaizka Garitano,Deportivo de La Coruña,897,2016-08-19,2017-02-25,ES1
Pepe Mel,Deportivo de La Coruña,897,2017-03-02,2017-10-23,ES1
Sandro Schwarz,Dynamo Moscow,121,2020-10-24,2022-05-29,RU1
Stanislav Cherchesov,Dynamo Moscow,121,2014-04-14,2015-05-30,RU1
Paulo Sérgio,Portimonense SC,7378,2020-02-15,2023-11-04,PO1
Chris Hughton,Norwich City,1123,2012-08-18,2014-04-05,GB1
Dean Smith,Norwich City,1123,2021-11-20,2022-08-23,GB1
David Wagner,Norwich City,1123,2023-01-08,2023-09-27,GB1
Chris Hughton,Nottingham Forest,703,2021-01-09,2021-01-23,GB1
Giuseppe Iachini,Siena FC,1387,2012-12-19,2013-05-19,IT1
Rubi,Sporting Gijón,2448,2017-01-22,2017-05-20,ES1
Abelardo,Sporting Gijón,2448,2014-09-10,2023-01-03,ES1
Javier Aguirre,CD Leganés,1244,2019-11-08,2020-07-19,ES1
Asier Garitano,CD Leganés,1244,2013-09-11,2018-05-19,ES1
Mauricio Pellegrino,CD Leganés,1244,2018-09-22,2019-10-19,ES1
Javier Aguirre,RCD Mallorca,237,2022-04-02,2023-11-04,ES1
Luis García,RCD Mallorca,237,2020-12-16,2022-03-20,ES1
Joaquín Caparrós,RCD Mallorca,237,2012-08-18,2013-02-03,ES1
Vicente Moreno,RCD Mallorca,237,2017-09-06,2020-07-19,ES1
Leonid Kuchuk,Rukh Lviv,48726,2019-08-26,2023-03-19,UKR1
Leonid Kuchuk,PFK Stal Kamyanske (-2018),16247,2017-02-25,2017-05-31,UKR1
Leonid Kuchuk,Arsenal Kyiv,9007,2012-07-15,2012-12-02,UKR1
Danny Buijs,KV Mechelen,354,2022-07-24,2022-10-16,BE1
Wouter Vrancken,KV Mechelen,354,2019-07-20,2022-04-10,BE1
Yannick Ferrera,KV Mechelen,354,2016-09-16,2017-10-21,BE1
Aleksandar Jankovic,KV Mechelen,354,2014-07-27,2018-01-23,BE1
Frank Vercauteren,KV Mechelen,354,2014-01-19,2014-03-16,BE1
Danny Buijs,Fortuna Sittard,385,2023-08-13,2023-11-05,NL1
Julio Velázquez,Fortuna Sittard,385,2022-09-10,2023-05-28,NL1
Sjors Ultee,Fortuna Sittard,385,2019-08-04,2022-08-20,NL1
Bo Henriksen,AC Horsens,2414,2014-10-29,2020-06-10,DK1
Johnny Mölby,AC Horsens,2414,2012-07-16,2014-04-09,DK1
Frédéric Antonetti,FC Metz,347,2020-10-18,2022-05-21,FR1
Frédéric Hantz,FC Metz,347,2017-11-05,2018-05-19,FR1
László Bölöni,FC Metz,347,2023-08-13,2023-11-05,FR1
André Breitenreiter,Hannover 96,42,2017-08-13,2019-01-26,L1
André Breitenreiter,SC Paderborn 07,127,2013-08-05,2015-05-23,L1
Steffen Baumgart,SC Paderborn 07,127,2017-08-14,2021-02-02,L1
Martin Canning,Hamilton Academical FC,2999,2015-01-17,2019-01-26,SC1
José Mota,SC Farense,4294,2023-07-23,2023-11-06,PO1
Marc Brys,Oud-Heverlee Leuven,2727,2020-08-10,2023-10-07,BE1
Ivan Leko,Oud-Heverlee Leuven,2727,2014-03-01,2014-03-16,BE1
Myron Markevych,Metalist Kharkiv (- 2016),6414,2012-07-14,2013-12-04,UKR1
Myron Markevych,Dnipro Dnipropetrovsk (-2020),339,2014-07-24,2016-05-15,UKR1
Juande Ramos,Dnipro Dnipropetrovsk (-2020),339,2012-07-15,2014-05-18,UKR1
Manolo Jiménez,Real Zaragoza,142,2012-08-20,2013-06-01,ES1
Juan Ignacio Martínez,Real Zaragoza,142,2020-12-16,2022-01-06,ES1
Davide Ballardini,US Cremonese,2239,2023-01-17,2023-08-14,IT1
Patrice Garande,SM Caen,1162,2014-08-09,2018-05-19,FR1
Jim McIntyre,Ross County FC,2759,2014-09-13,2017-09-23,SC1
John Hughes,Ross County FC,2759,2020-12-23,2021-04-02,SC1
Derek Adams,Ross County FC,2759,2012-08-04,2014-08-23,SC1
Jim McIntyre,Dundee FC,511,2018-10-20,2019-04-06,SC1
Paul Hartley,Dundee FC,511,2014-08-13,2017-04-15,SC1
Mehmet Özdilek,Denizlispor,833,2019-10-20,2020-02-15,TR1
Oleksandr Babych,FK Mariupol,6993,2017-09-24,2020-06-24,UKR1
Roman Sanzhar,Olimpik Donetsk,23611,2013-08-07,2021-05-09,UKR1
Roman Sanzhar,Karpaty Lviv (-2021),2477,2019-09-14,2020-03-08,UKR1
Igor Jovicevic,Karpaty Lviv (-2021),2477,2014-07-27,2015-12-03,UKR1
Dmitriy Parfenov,FC Tosno (-2018),40426,2015-08-27,2018-05-13,RU1
Robbie Neilson,Heart of Midlothian FC,43,2014-11-30,2023-04-08,SC1
Robbie Neilson,Dundee United FC,1519,2019-01-19,2020-01-28,SC1
Jim Goodwin,Dundee United FC,1519,2023-03-04,2023-04-22,SC1
Jackie McNamara,Dundee United FC,1519,2013-02-02,2015-09-26,SC1
Vincenzo Italiano,Spezia Calcio,3522,2019-08-11,2021-05-23,IT1
Leonardo Semplici,Spezia Calcio,3522,2023-02-26,2023-06-04,IT1
Luca Gotti,Spezia Calcio,3522,2022-08-06,2023-02-11,IT1
Mark van Bommel,Royal Antwerp FC,1096,2022-07-21,2023-11-07,BE1
Ivan Leko,Royal Antwerp FC,1096,2020-08-08,2020-12-27,BE1
László Bölöni,Royal Antwerp FC,1096,2017-07-28,2020-03-07,BE1
Brian Priske,Royal Antwerp FC,1096,2021-07-25,2022-04-09,BE1
Frank Vercauteren,Royal Antwerp FC,1096,2021-01-17,2021-04-17,BE1
Eusebio,Girona FC,12321,2018-09-27,2019-05-18,ES1
Francisco Rodríguez,Girona FC,12321,2020-12-17,2021-01-26,ES1
Pablo Machín,Girona FC,12321,2014-09-09,2018-05-19,ES1
Míchel,Girona FC,12321,2021-12-02,2023-11-04,ES1
Hubert Fournier,Stade Reims,1421,2012-08-12,2014-05-17,FR1
Óscar García,Stade Reims,1421,2021-08-08,2022-10-08,FR1
David Guion,Stade Reims,1421,2016-04-30,2021-05-23,FR1
Roberto D'Aversa,US Lecce,1005,2023-08-13,2023-11-05,IT1
Leonardo Semplici,SPAL,2722,2015-08-02,2020-02-09,IT1
Dick Lukkien,FC Emmen,1283,2016-09-20,2023-05-28,NL1
Francisco Rodríguez,SD Huesca,5358,2018-10-21,2019-05-18,ES1
Míchel,SD Huesca,5358,2019-12-19,2021-01-11,ES1
Frédéric Hantz,SC Bastia,595,2012-08-11,2014-05-17,FR1
Igor Cherevchenko,FK Khimki,3719,2020-09-28,2021-12-12,RU1
Andrey Talalaev,FK Khimki,3719,2019-08-21,2023-11-01,RU1
Igor Shalimov,FK Khimki,3719,2018-08-22,2018-09-26,RU1
Vitaliy Kvartsyanyi,Metalurg Zaporizhya (-2016),6994,2012-09-16,2012-12-01,UKR1
Vitaliy Kvartsyanyi,Volyn Lutsk,4482,2013-05-11,2017-05-31,UKR1
Alfons Groenendijk,Excelsior Rotterdam,798,2015-08-12,2016-05-08,NL1
Mitchell van der Gaag,Excelsior Rotterdam,798,2016-08-06,2018-05-06,NL1
Ricardo Soares,FC Vizela,6912,2016-07-31,2016-10-26,PO1
John Hughes,Inverness Caledonian Thistle FC,2451,2013-12-07,2016-05-14,SC1
Henk de Jong,De Graafschap Doetinchem,642,2017-09-19,2019-05-15,NL1
Igor Jovicevic,SK Dnipro-1,60551,2020-09-26,2021-12-10,UKR1
Yuriy Maksymov,SK Dnipro-1,60551,2023-09-17,2023-11-06,UKR1
Andrey Talalaev,Torpedo Moscow,1186,2022-10-15,2023-03-19,RU1
Andrey Talalaev,PFK Tambov (-2021),41201,2016-09-22,2017-10-25,RU1
Thomas Letsch,VfL Bochum,80,2022-10-01,2023-11-03,L1
Gertjan Verbeek,VfL Bochum,80,2015-08-09,2016-08-21,L1
Miguel Leal,FC Penafiel,3327,2012-07-29,2019-12-21,PO1
David Wagner,Huddersfield Town,1110,2016-01-09,2019-01-12,GB1
Steve Clarke,Reading FC,1032,2015-01-03,2015-04-18,GB1
Ernest Faber,NEC Nijmegen,467,2015-08-12,2016-05-08,NL1
Alex Pastoor,NEC Nijmegen,467,2012-08-12,2013-08-17,NL1
Giannis Matzourakis,AEL Kalloni,28956,2013-08-19,2015-01-14,GR1
Kemal Özdes,Balikesirspor,20698,2014-12-06,2015-04-26,TR1
Kemal Özdes,Göztepe,1467,2018-12-14,2019-02-22,TR1
Ilhan Palut,Göztepe,1467,2019-11-10,2021-01-09,TR1
Ünal Karaman,Göztepe,1467,2021-01-24,2021-08-29,TR1
Uwe Rösler,Fortuna Düsseldorf,38,2020-02-01,2020-12-23,L1
Johnny Mölby,Viborg FF,1063,2015-07-18,2017-03-19,DK1
Jacob Friis,Viborg FF,1063,2022-02-21,2023-11-05,DK1
Johnny Mölby,Vendsyssel FF,19657,2019-08-28,2019-10-09,DK1
Sergey Tashuev,Metalurg Donetsk (- 2015),2783,2013-08-08,2014-05-18,UKR1
Yuriy Maksymov,Metalurg Donetsk (- 2015),2783,2012-08-26,2013-08-04,UKR1
Sergey Tashuev,Fakel Voronezh,1124,2023-09-17,2023-11-04,RU1
Oleksandr Ryabokon,Desna Chernigiv,16239,2012-08-22,2021-12-10,UKR1
Alex Pastoor,Almere City FC,723,2022-10-18,2023-11-05,NL1
Mitchell van der Gaag,NAC Breda,132,2018-08-12,2019-03-16,NL1
Adrie Koster,Beerschot AC,566,2012-07-28,2012-11-24,BE1
Aleksandr Khatskevich,Rotor Volgograd,3609,2020-08-11,2021-03-17,RU1
Dmitriy Alenichev,Enisey Krasnoyarsk,3714,2017-08-23,2019-05-26,RU1
Miroslav Djukic,Córdoba CF,993,2014-10-25,2015-03-15,ES1
David Martindale,Livingston FC,1241,2019-08-31,2023-11-01,SC1
Ömer Erdogan,Hatayspor,7775,2020-09-14,2022-05-22,TR1
